CREATE TABLE "carrera_imparte" ("cod_sede_carrera" int4 NOT NULL,"cod_carrera" int4 NOT NULL,"cod_sede_imparte" int4 NOT NULL,"cod_mencion" int4 NOT NULL,"sed_cod_sede" int4,CONSTRAINT "pk_carrera_imparte" PRIMARY KEY ("cod_sede_carrera", "cod_carrera", "cod_sede_imparte", "cod_mencion") );CREATE TABLE "carrera_sede" ("sed_cod_sede" int4 NOT NULL,"cod_carrera" int4 NOT NULL,"nom_carrera" varchar(100) COLLATE "default" NOT NULL,"abreviacion" varchar(50) COLLATE "default",CONSTRAINT "pk_carrera_sede" PRIMARY KEY ("sed_cod_sede", "cod_carrera") );CREATE TABLE "museo_proyecto" ("muspro_id" int8 NOT NULL,"muspro_nombre" varchar(1000) COLLATE "default","muspro_descripcion" varchar(4000),"muspro_año" int4,"cod_pais" int4 NOT NULL,"cod_vigencia" int4 NOT NULL,"mususu_id_usu" int8,"fecha_modificacion" date,CONSTRAINT "pk_museo_proyecto" PRIMARY KEY ("muspro_id") );CREATE TABLE "museo_proyecto_detalle" ("musprodet_id" int8 NOT NULL,"muspro_id" int8 NOT NULL,"musprodet_archivo" bytea,"musprodet_nombre" varchar(1000) COLLATE "default","musprodet_descripcion" varchar(4000) COLLATE "default","cod_vigencia" int4 NOT NULL,"mususu_id_usu" int8,"fecha_modificacion" date,CONSTRAINT "pk_museo_proyecto_detalle" PRIMARY KEY ("musprodet_id", "muspro_id") );CREATE TABLE "museo_usuario" ("mususu_id" int8 NOT NULL,"cod_vigencia" int4 NOT NULL,"cod_revision" int4 NOT NULL,"mususu_nombres" varchar(100) COLLATE "default","mususu_paterno" varchar(50) COLLATE "default","mususu_materno" varchar(50) COLLATE "default","cod_pais" int4,"mususu_fecha_nac" timestamp(0),"correo" varchar(200) COLLATE "default","contraseña" varchar(200) COLLATE "default","cod_perfil" int4 NOT NULL,"mususu_fono" varchar(20) COLLATE "default","mususu_ingreso" int4,"mususu_rol" int8,"mususu_rol_dv" int2,"mususu_id_usu" int8,"fecha_modificacion" date,CONSTRAINT "pk_museo_usuario" PRIMARY KEY ("mususu_id") );CREATE TABLE "museo_usuario_carrera" ("mususu_id" int8 NOT NULL,"sed_cod_sede" int4 NOT NULL,"cod_carrera" int4 NOT NULL,"sed_cod_sede_fisica" int4,"mususu_carrera" varchar(200) COLLATE "default","mususu_ingreso" int4,"mususu_id_usu" int8,"fecha_modificacion" timestamp(0),CONSTRAINT "pk_museo_usuario_carrera" PRIMARY KEY ("mususu_id", "sed_cod_sede", "cod_carrera") );CREATE TABLE "museo_usuario_proyecto" ("mususu_id" int8 NOT NULL,"muspro_id" int8 NOT NULL,"cod_vigencia" int4 NOT NULL,"mususupro_cargo" varchar(1000) COLLATE "default","fecha_modificacion" date,"rut_usuario" int8,CONSTRAINT "pk_museo_usuario_proyecto" PRIMARY KEY ("mususu_id", "muspro_id") );CREATE TABLE "pais" ("cod_pais" int4 NOT NULL,"nom_pais" varchar(80) COLLATE "default" NOT NULL,"nom_nacionalidad" varchar(50) COLLATE "default","num_pais" int4,CONSTRAINT "pk_pais" PRIMARY KEY ("cod_pais") );CREATE TABLE "sede" ("sed_cod_sede" int4 NOT NULL,"sed_nom_sede" varchar(50) COLLATE "default" NOT NULL,"sed_direccion" varchar(60) COLLATE "default" NOT NULL,"sed_abreviacion" varchar(50) COLLATE "default" NOT NULL,"sed_nombre_campus" varchar(20) COLLATE "default",CONSTRAINT "pk_sede" PRIMARY KEY ("sed_cod_sede") );CREATE TABLE "tipo_revision" ("cod_revision" int4 NOT NULL,"nom_revision" varchar(50) COLLATE "default",CONSTRAINT "pk_tipo_revision" PRIMARY KEY ("cod_revision") );CREATE TABLE "tipo_vigencia" ("cod_vigencia" int4 NOT NULL,"nom_vigencia" varchar(50) COLLATE "default",CONSTRAINT "pk_tipo_vigencia" PRIMARY KEY ("cod_vigencia") );CREATE TABLE "museo_proyecto_coordenada" ("musprocoor_id" int8 NOT NULL,"muspro_id" int8 NOT NULL,"musprocoor_ciudad" varchar(1000) COLLATE "default","musprocoor_nombre" varchar(1000) COLLATE "default","musprocoor_latitud" float8,"musprocoor_longitud" float8,"cod_vigencia" int4 NOT NULL,"mususu_id_usu" int8,"fecha_modificacion" date,CONSTRAINT "pk_museo_proyecto_coordenada" PRIMARY KEY ("musprocoor_id", "muspro_id") );CREATE TABLE "museo_usuario_foto" ("mususufo_id" int8 NOT NULL,"mususu_id" int8 NOT NULL,"mususufo_archivo" bytea,"cod_vigencia" int4 NOT NULL,"mususu_id_usu" int8,"fecha_modificacion" date,CONSTRAINT "pk_museo_foto_detalle" PRIMARY KEY ("mususufo_id", "mususu_id") );CREATE TABLE "tipo_perfil" ("cod_perfil" int4 NOT NULL,"nom_perfil" varchar(50) COLLATE "default",CONSTRAINT "pk_tipo_perfil" PRIMARY KEY ("cod_perfil") );ALTER TABLE "museo_usuario" ADD CONSTRAINT "fk_mususu_tipper" FOREIGN KEY ("cod_perfil") REFERENCES "tipo_perfil" ("cod_perfil");ALTER TABLE "carrera_imparte" ADD CONSTRAINT "fk_mususupro_rel_carrimpsede" FOREIGN KEY ("sed_cod_sede") REFERENCES "sede" ("sed_cod_sede") MATCH FULL ON DELETE NO ACTION ON UPDATE NO ACTION;ALTER TABLE "carrera_imparte" ADD CONSTRAINT "fk_mususupro_rel_carrimpsede2" FOREIGN KEY ("cod_sede_carrera", "cod_carrera") REFERENCES "carrera_sede" ("sed_cod_sede", "cod_carrera") ON DELETE NO ACTION ON UPDATE NO ACTION;ALTER TABLE "museo_proyecto" ADD CONSTRAINT "fk_muspro_rel_pai" FOREIGN KEY ("cod_pais") REFERENCES "pais" ("cod_pais") ON DELETE NO ACTION ON UPDATE NO ACTION;ALTER TABLE "museo_proyecto_detalle" ADD CONSTRAINT "fk_musprodet_rel_musprodet" FOREIGN KEY ("muspro_id") REFERENCES "museo_proyecto" ("muspro_id") ON DELETE NO ACTION ON UPDATE NO ACTION;ALTER TABLE "museo_usuario" ADD CONSTRAINT "fk_mususu_rel_tipvig" FOREIGN KEY ("cod_vigencia") REFERENCES "tipo_vigencia" ("cod_vigencia") ON DELETE NO ACTION ON UPDATE NO ACTION;ALTER TABLE "museo_usuario" ADD CONSTRAINT "fk_mususu_rel_tiprev" FOREIGN KEY ("cod_revision") REFERENCES "tipo_revision" ("cod_revision") ON DELETE NO ACTION ON UPDATE NO ACTION;ALTER TABLE "museo_usuario_carrera" ADD CONSTRAINT "fk_mususucar_rel_usu" FOREIGN KEY ("mususu_id") REFERENCES "museo_usuario" ("mususu_id") MATCH FULL ON DELETE NO ACTION ON UPDATE NO ACTION;ALTER TABLE "museo_usuario_carrera" ADD CONSTRAINT "fk_mususucar_rel_carsede" FOREIGN KEY ("sed_cod_sede", "cod_carrera") REFERENCES "carrera_sede" ("sed_cod_sede", "cod_carrera") MATCH FULL ON DELETE NO ACTION ON UPDATE NO ACTION;ALTER TABLE "museo_usuario_proyecto" ADD CONSTRAINT "fk_mususupro_rel_muspro" FOREIGN KEY ("muspro_id") REFERENCES "museo_proyecto" ("muspro_id") ON DELETE NO ACTION ON UPDATE NO ACTION;ALTER TABLE "museo_usuario_proyecto" ADD CONSTRAINT "fk_mususupro_rel_tipvig" FOREIGN KEY ("cod_vigencia") REFERENCES "tipo_vigencia" ("cod_vigencia") ON DELETE NO ACTION ON UPDATE NO ACTION;ALTER TABLE "museo_usuario_proyecto" ADD CONSTRAINT "fk_mususupro_rel_musprousu" FOREIGN KEY ("mususu_id") REFERENCES "museo_usuario" ("mususu_id") MATCH FULL;ALTER TABLE "museo_proyecto_coordenada" ADD CONSTRAINT "fk_musprocoor_rel_muspro" FOREIGN KEY ("muspro_id") REFERENCES "museo_proyecto" ("muspro_id");ALTER TABLE "museo_proyecto_coordenada" ADD CONSTRAINT "fk_musprocoor_rel_tiprev" FOREIGN KEY ("cod_vigencia") REFERENCES "tipo_vigencia" ("cod_vigencia");ALTER TABLE "museo_proyecto_detalle" ADD CONSTRAINT "fk_musprodet_rel_tiprev" FOREIGN KEY ("cod_vigencia") REFERENCES "tipo_vigencia" ("cod_vigencia");ALTER TABLE "museo_proyecto" ADD CONSTRAINT "fk_muspror_rel_tiprev" FOREIGN KEY ("cod_vigencia") REFERENCES "tipo_vigencia" ("cod_vigencia");ALTER TABLE "museo_usuario_carrera" ADD CONSTRAINT "fk_mususucar_rel_sedefisica" FOREIGN KEY ("sed_cod_sede_fisica") REFERENCES "sede" ("sed_cod_sede");ALTER TABLE "museo_usuario_foto" ADD CONSTRAINT "fk_mususufot_rel_mususu" FOREIGN KEY ("mususu_id") REFERENCES "museo_usuario" ("mususu_id");ALTER TABLE "museo_usuario_foto" ADD CONSTRAINT "fk_mususufot_rel_tiprev" FOREIGN KEY ("cod_vigencia") REFERENCES "tipo_vigencia" ("cod_vigencia");ALTER TABLE "museo_usuario" ADD CONSTRAINT "fk_mususu_rel_pais" FOREIGN KEY ("cod_pais") REFERENCES "pais" ("cod_pais");Insert into TIPO_PERFIL (COD_PERFIL,NOM_PERFIL) values ('1','Administrador');Insert into TIPO_PERFIL (COD_PERFIL,NOM_PERFIL) values ('2','Usuario');Insert into TIPO_VIGENCIA (COD_VIGENCIA,NOM_VIGENCIA) values ('1','Vigente');Insert into TIPO_VIGENCIA (COD_VIGENCIA,NOM_VIGENCIA) values ('2','No Vigente');Insert into TIPO_VIGENCIA (COD_VIGENCIA,NOM_VIGENCIA) values ('3','Eliminación Lógica');INSERT INTO TIPO_REVISION (COD_REVISION, NOM_REVISION) VALUES ('0', 'Sin información');INSERT INTO TIPO_REVISION (COD_REVISION, NOM_REVISION) VALUES ('1', 'Pertenece AEXA');INSERT INTO TIPO_REVISION (COD_REVISION, NOM_REVISION) VALUES ('2', 'Esta en SIGA');INSERT INTO TIPO_REVISION (COD_REVISION, NOM_REVISION) VALUES ('-1', 'No es Sansano');Insert into SEDE (SED_COD_SEDE,SED_NOM_SEDE,SED_DIRECCION,SED_ABREVIACION,SED_NOMBRE_CAMPUS) values ('1','Casa Central','Casa Central: Av. España 1680','C.Central Valp.','Valparaíso');Insert into SEDE (SED_COD_SEDE,SED_NOM_SEDE,SED_DIRECCION,SED_ABREVIACION,SED_NOMBRE_CAMPUS) values ('2','Santiago','Santiago - Vitacura: Av. Santa María 6400','Stgo. Vit.','Vitacura');Insert into SEDE (SED_COD_SEDE,SED_NOM_SEDE,SED_DIRECCION,SED_ABREVIACION,SED_NOMBRE_CAMPUS) values ('3','Viña del Mar','Viña Del Mar: Av. Federico Santa María 6090 ','Viña',' ');Insert into SEDE (SED_COD_SEDE,SED_NOM_SEDE,SED_DIRECCION,SED_ABREVIACION,SED_NOMBRE_CAMPUS) values ('4','Concepción','Concepción: Alemparte 943 - Hualpén ','Concep',' ');Insert into SEDE (SED_COD_SEDE,SED_NOM_SEDE,SED_DIRECCION,SED_ABREVIACION,SED_NOMBRE_CAMPUS) values ('5','Oficina Rancagua','Rancagua: Gamero 540 ','Ranc',' ');Insert into SEDE (SED_COD_SEDE,SED_NOM_SEDE,SED_DIRECCION,SED_ABREVIACION,SED_NOMBRE_CAMPUS) values ('6','Guayaquil','Guayaquil: Avenida Carlos Julio Arosemena Km. 4.5','Guay',' ');Insert into SEDE (SED_COD_SEDE,SED_NOM_SEDE,SED_DIRECCION,SED_ABREVIACION,SED_NOMBRE_CAMPUS) values ('7','Santiago','Santiago - San Joaquín: Av. Vicuña Mackenna 3939','Stgo. SJ.','San Joaquín');Insert into SEDE (SED_COD_SEDE,SED_NOM_SEDE,SED_DIRECCION,SED_ABREVIACION,SED_NOMBRE_CAMPUS) values ('8','Concepción',' ',' ','(Extensión Angol)');Insert into SEDE (SED_COD_SEDE,SED_NOM_SEDE,SED_DIRECCION,SED_ABREVIACION,SED_NOMBRE_CAMPUS) values ('9','Concepción',' ',' ','(Extensión Linares)');Insert into SEDE (SED_COD_SEDE,SED_NOM_SEDE,SED_DIRECCION,SED_ABREVIACION,SED_NOMBRE_CAMPUS) values ('10','Concepción',' ',' ','(Extensión Talca)');Insert into SEDE (SED_COD_SEDE,SED_NOM_SEDE,SED_DIRECCION,SED_ABREVIACION,SED_NOMBRE_CAMPUS) values ('11','Concepción',' ',' ','(Extensión Chillán)');Insert into SEDE (SED_COD_SEDE,SED_NOM_SEDE,SED_DIRECCION,SED_ABREVIACION,SED_NOMBRE_CAMPUS) values ('12','Concepción',' ',' ','(Extensión Constituc');Insert into SEDE (SED_COD_SEDE,SED_NOM_SEDE,SED_DIRECCION,SED_ABREVIACION,SED_NOMBRE_CAMPUS) values ('13','Concepción',' ',' ','(Extensión Curicó)');Insert into SEDE (SED_COD_SEDE,SED_NOM_SEDE,SED_DIRECCION,SED_ABREVIACION,SED_NOMBRE_CAMPUS) values ('14','Concepción',' ',' ','(Extensión Los ángel');Insert into SEDE (SED_COD_SEDE,SED_NOM_SEDE,SED_DIRECCION,SED_ABREVIACION,SED_NOMBRE_CAMPUS) values ('15','Santiago',' ','Stgo','(Vesp. JMC)');Insert into CARRERA_SEDE (SED_COD_SEDE,COD_CARRERA,NOM_CARRERA,ABREVIACION) values ('4','18','SUBTÉCNICO EN LA ESPECIALIDAD ELECTRÓNICA INDUSTRIAL','18-SUBTÉCNICO EN ELECTRONICA INDUSTRIAL');Insert into CARRERA_SEDE (SED_COD_SEDE,COD_CARRERA,NOM_CARRERA,ABREVIACION) values ('4','19','SUBTÉCNICO EN LA ESPECIALIDAD DE MECÁNICA ESTRUCTURAL','19-SUBTÉCNICO EN MECÁNICA ESTRUCTURAL');Insert into CARRERA_SEDE (SED_COD_SEDE,COD_CARRERA,NOM_CARRERA,ABREVIACION) values ('4','20','TÉCNICO UNIVERSITARIO EN ELECTRICIDAD','20-TEC. UNIV. ELECTRICIDAD');Insert into CARRERA_SEDE (SED_COD_SEDE,COD_CARRERA,NOM_CARRERA,ABREVIACION) values ('4','21','SUBTÉCNICO EN LA ESPECIALIDAD DE ELECTROTECNIA','21-SUBTÉCNICO EN ELECTROTECNIA');Insert into CARRERA_SEDE (SED_COD_SEDE,COD_CARRERA,NOM_CARRERA,ABREVIACION) values ('4','22','TÉCNICO UNIVERSITARIO EN AUTOMATIZACIÓN Y CONTROL','22-TEC. UNIV. AUTOMATIZACIÓN Y CONTROL');Insert into CARRERA_SEDE (SED_COD_SEDE,COD_CARRERA,NOM_CARRERA,ABREVIACION) values ('4','25','TÉCNICO UNIVERSITARIO EN ELECTROTECNIA','25-ELECTROTECNIA');Insert into CARRERA_SEDE (SED_COD_SEDE,COD_CARRERA,NOM_CARRERA,ABREVIACION) values ('4','30','TÉCNICO UNIVERSITARIO EN MECÁNICA ESTRUCTURAL','30-MECÁNICA ESTRUCTURAL');Insert into CARRERA_SEDE (SED_COD_SEDE,COD_CARRERA,NOM_CARRERA,ABREVIACION) values ('4','31','TÉCNICO UNIVERSITARIO EN ESTRUCTURAS','31-ESTRUCTURAS');Insert into CARRERA_SEDE (SED_COD_SEDE,COD_CARRERA,NOM_CARRERA,ABREVIACION) values ('4','32','TÉCNICO UNIVERSITARIO EN PROYECTO Y DISEÑO ESTRUCTURAL','32-TEC. UNIV. PROYECTO Y DISEÑO ESTRUCTURAL');Insert into CARRERA_SEDE (SED_COD_SEDE,COD_CARRERA,NOM_CARRERA,ABREVIACION) values ('4','33','TÉCNICO UNIVERSITARIO EN TOPOGRAFÍA','33-TEC. UNIV. TOPOGRAFÍA');Insert into CARRERA_SEDE (SED_COD_SEDE,COD_CARRERA,NOM_CARRERA,ABREVIACION) values ('4','34','TÉCNICO UNIVERSITARIO EN CONSTRUCCIÓN','34-TEC. UNIV. CONSTRUCCIÓN');Insert into CARRERA_SEDE (SED_COD_SEDE,COD_CARRERA,NOM_CARRERA,ABREVIACION) values ('4','35','TÉCNICO UNIVERSITARIO EN CONSTRUCCIÓN CIVIL','35-CONSTRUCCIÓN CIVIL');Insert into CARRERA_SEDE (SED_COD_SEDE,COD_CARRERA,NOM_CARRERA,ABREVIACION) values ('4','36','TÉCNICO UNIVERSITARIO DIBUJANTE PROYECTISTA','36-TEC. UNIV. DIBUJANTE PROYECTISTA');Insert into CARRERA_SEDE (SED_COD_SEDE,COD_CARRERA,NOM_CARRERA,ABREVIACION) values ('4','37','TÉCNICO UNIVERSITARIO EN PROYECTO DE INGENIERÍA','37-TEC. UNIV. PROYECTO DE INGENIERÍA');Insert into CARRERA_SEDE (SED_COD_SEDE,COD_CARRERA,NOM_CARRERA,ABREVIACION) values ('4','40','TÉCNICO UNIVERSITARIO EN MECÁNICA DE MANTENIMIENTO','40-MECÁNICA DE MANTENIMIENTO');Insert into CARRERA_SEDE (SED_COD_SEDE,COD_CARRERA,NOM_CARRERA,ABREVIACION) values ('4','41','TÉCNICO UNIVERSITARIO EN MECÁNICA INDUSTRIAL','41-TEC. UNIV. MECÁNICA INDUSTRIAL');Insert into CARRERA_SEDE (SED_COD_SEDE,COD_CARRERA,NOM_CARRERA,ABREVIACION) values ('4','42','TÉCNICO UNIVERSITARIO EN MECÁNICA AUTOMOTRIZ DIESEL','42-MECÁNICA AUTOMOTRIZ DIESEL');Insert into CARRERA_SEDE (SED_COD_SEDE,COD_CARRERA,NOM_CARRERA,ABREVIACION) values ('4','43','TÉCNICO UNIVERSITARIO EN MECÁNICA AUTOMOTRIZ','43-TEC. UNIV. MECÁNICA AUTOMOTRIZ');Insert into CARRERA_SEDE (SED_COD_SEDE,COD_CARRERA,NOM_CARRERA,ABREVIACION) values ('4','44','TÉCNICO UNIVERSITARIO EN MECÁNICA DE PROCESOS Y MANTENIMIENTO INDUSTRIAL','44- TEC. UNIV. MECÁNICA DE PROCESOS Y MANT. IND.');Insert into CARRERA_SEDE (SED_COD_SEDE,COD_CARRERA,NOM_CARRERA,ABREVIACION) values ('4','45','TÉCNICO UNIVERSITARIO SIDERO METALURGIA','45-SIDERO METALURGIA');Insert into CARRERA_SEDE (SED_COD_SEDE,COD_CARRERA,NOM_CARRERA,ABREVIACION) values ('4','50','TÉCNICO UNIVERSITARIO EN QUÍMICA ANALÍTICA','50-QUÍMICA ANALÍTICA');Insert into CARRERA_SEDE (SED_COD_SEDE,COD_CARRERA,NOM_CARRERA,ABREVIACION) values ('4','51','TÉCNICO UNIVERSITARIO EN QUÍMICA INDUSTRIAL','51-QUÍMICA INDUSTRIAL');Insert into CARRERA_SEDE (SED_COD_SEDE,COD_CARRERA,NOM_CARRERA,ABREVIACION) values ('4','52','TÉCNICO UNIVERSITARIO EN CONTROL DE ALIMENTOS','52-TEC. UNIV. CONTROL DE ALIMENTOS');Insert into CARRERA_SEDE (SED_COD_SEDE,COD_CARRERA,NOM_CARRERA,ABREVIACION) values ('4','53','TÉCNICO UNIVERSITARIO EN QUÍMICA MENCIÓN QUÍMICA INDUSTRIAL','53-TEC. UNIV. QUÍMICA MENCIÓN QUÍMICA INDUSTRIAL');Insert into CARRERA_SEDE (SED_COD_SEDE,COD_CARRERA,NOM_CARRERA,ABREVIACION) values ('4','60','TÉCNICO UNIVERSITARIO EN PREVENCIÓN DE RIESGOS','60-TEC. UNIV. PREVENCIÓN DE RIESGOS');Insert into CARRERA_SEDE (SED_COD_SEDE,COD_CARRERA,NOM_CARRERA,ABREVIACION) values ('4','61','INGENIERÍA EN PREVENCIÓN DE RIESGOS LABORALES Y AMBIENTALES','61 -ING. PREV. RIESGOS LABORALES Y AMBIENTALES');Insert into CARRERA_SEDE (SED_COD_SEDE,COD_CARRERA,NOM_CARRERA,ABREVIACION) values ('4','62','INGENIERÍA DE EJECUCIÓN EN PREVENCIÓN DE RIESGOS','62-ING. EJEC. PREVENCIÓN DE RIESGOS');Insert into CARRERA_SEDE (SED_COD_SEDE,COD_CARRERA,NOM_CARRERA,ABREVIACION) values ('4','63','INGENIERÍA DE EJECUCIÓN MECÁNICA DE PROCESOS Y MANTENIMIENTO INDUSTRIAL','63-ING. EJEC. MECÁNICA DE PROC. Y MANT.IND.');Insert into CARRERA_SEDE (SED_COD_SEDE,COD_CARRERA,NOM_CARRERA,ABREVIACION) values ('4','64','INGENIERÍA DE EJECUCIÓN EN CONTROL E INSTRUMENTACIÓN INDUSTRIAL','64 - I.(E) EN CONTROL E INSTR. IND. - MODULAR');Insert into CARRERA_SEDE (SED_COD_SEDE,COD_CARRERA,NOM_CARRERA,ABREVIACION) values ('4','65','INGENIERÍA DE EJECUCIÓN EN CONTROL E INSTRUMENTACIÓN INDUSTRIAL','65 - I.(E) EN CONTROL E INSTR. IND. - CURICÓ');Insert into CARRERA_SEDE (SED_COD_SEDE,COD_CARRERA,NOM_CARRERA,ABREVIACION) values ('4','66','TÉCNICO UNIVERSITARIO INDUSTRIAL EN MECÁNICA DE MANTENIMIENTO','66-TEC. UNIV. IND. EN MECÁNICA DE MANT. - CURICÓ');Insert into CARRERA_SEDE (SED_COD_SEDE,COD_CARRERA,NOM_CARRERA,ABREVIACION) values ('4','67','TÉCNICO UNIVERSITARIO INDUSTRIAL EN ELECTRICIDAD MENCIÓN DISTRIBUCIÓN Y CONTROL','67-TEC.UNIV.IND. EN ELECTRICIDAD MENCIÓN DISTRIBUC');Insert into CARRERA_SEDE (SED_COD_SEDE,COD_CARRERA,NOM_CARRERA,ABREVIACION) values ('4','68','INGENIERÍA DE EJECUCIÓN EN MANTENIMIENTO INDUSTRIAL','68-I. (E) EN MANTENIMIENTO INDUSTRIAL - MODULAR');Insert into CARRERA_SEDE (SED_COD_SEDE,COD_CARRERA,NOM_CARRERA,ABREVIACION) values ('4','69','TÉCNICO UNIVERSITARIO INDUSTRIAL EN GESTIÓN DE LA PRODUCCIÓN','69-TEC.UNIV.IND. EN GESTIÓN DE LA PRODUCCIÓN - COD');Insert into CARRERA_SEDE (SED_COD_SEDE,COD_CARRERA,NOM_CARRERA,ABREVIACION) values ('4','70','TÉCNICO UNIVERSITARIO EN INDUSTRIAS MADERERAS','70-TEC. UNIV. INDUSTRIAS MADERERAS');Insert into CARRERA_SEDE (SED_COD_SEDE,COD_CARRERA,NOM_CARRERA,ABREVIACION) values ('4','71','INGENIERÍA DE EJECUCIÓN EN PROYECTOS ESTRUCTURALES','71-I. (E) EN PROYECTOS ESTRUCTURALES - MODULAR');Insert into CARRERA_SEDE (SED_COD_SEDE,COD_CARRERA,NOM_CARRERA,ABREVIACION) values ('4','72','INGENIERÍA DE EJECUCIÓN EN GESTIÓN DE LA CALIDAD','72-I. (E) EN GESTIÓN DE LA CALIDAD - MODULAR');Insert into CARRERA_SEDE (SED_COD_SEDE,COD_CARRERA,NOM_CARRERA,ABREVIACION) values ('4','73','INGENIERÍA DE EJECUCIÓN EN SOFTWARE','73-I. (E) EN SOFTWARE - MODULAR');Insert into CARRERA_SEDE (SED_COD_SEDE,COD_CARRERA,NOM_CARRERA,ABREVIACION) values ('4','74','INGENIERÍA DE EJECUCIÓN EN GESTIÓN Y CONTROL AMBIENTAL','74-I. (E) EN GESTIÓN Y CONTROL AMBIENTAL - MODULAR');Insert into CARRERA_SEDE (SED_COD_SEDE,COD_CARRERA,NOM_CARRERA,ABREVIACION) values ('4','75','INGENIERÍA DE EJECUCIÓN EN GESTIÓN DE LA CALIDAD','75-I. (E) EN GESTIÓN DE LA CALIDAD - SANTIAGO');Insert into CARRERA_SEDE (SED_COD_SEDE,COD_CARRERA,NOM_CARRERA,ABREVIACION) values ('4','76','INGENIERÍA EN PREVENCIÓN DE RIESGOS LABORALES Y AMBIENTALES','76-INGENIERÍA EN PREVENCIÓN DE RIESGOS LABORALES Y');Insert into CARRERA_SEDE (SED_COD_SEDE,COD_CARRERA,NOM_CARRERA,ABREVIACION) values ('4','77','INGENIERÍA EN PREVENCIÓN DE RIESGOS LABORALES Y AMBIENTALES','77-INGENIERÍA EN PREVENCIÓN DE RIESGOS LABORALES Y');Insert into CARRERA_SEDE (SED_COD_SEDE,COD_CARRERA,NOM_CARRERA,ABREVIACION) values ('4','78','TÉCNICO UNIVERSITARIO INDUSTRIAL MENCIÓN MECÁNICA DE MANTENIMIENTO','78-TEC.UNIV.IND.MENCION MEC.MANTENIMIENTO - ANGOL');Insert into CARRERA_SEDE (SED_COD_SEDE,COD_CARRERA,NOM_CARRERA,ABREVIACION) values ('4','79','TÉCNICO UNIVERSITARIO INDUSTRIAL MENCIÓN SISTEMAS ELÉCTRICOS DE CONTROL','79-TEC.UNIV.IND.MENCION SIST.ELECTRICOS DE CONTROL');Insert into CARRERA_SEDE (SED_COD_SEDE,COD_CARRERA,NOM_CARRERA,ABREVIACION) values ('4','80','TÉCNICO UNIVERSITARIO ADMINISTRATIVO','80-ADMINISTRATIVO');Insert into CARRERA_SEDE (SED_COD_SEDE,COD_CARRERA,NOM_CARRERA,ABREVIACION) values ('4','81','TÉCNICO UNIVERSITARIO INDUSTRIAL MENCIÓN EN SISTEMAS ELÉCTRICOS DE CONTROL','81-TÉC.UNIV.IND.SIST.ELÉCTRICOS DE CONTROL');Insert into CARRERA_SEDE (SED_COD_SEDE,COD_CARRERA,NOM_CARRERA,ABREVIACION) values ('4','82','TÉCNICO UNIVERSITARIO INDUSTRIAL MENCIÓN MECÁNICA DE MANTENIMIENTO','82-TÉC.UNIV.IND. MENCIÓN MEC. MANTENIMIENTO');Insert into CARRERA_SEDE (SED_COD_SEDE,COD_CARRERA,NOM_CARRERA,ABREVIACION) values ('4','83','TÉCNICO UNIVERSITARIO INDUSTRIAL MENCIÓN OPERACIÓN PLANTAS DE PROCESOS INDUSTRIALES','83-TÉC.UNIV.IND.MEN.OP.PLANTAS PROCESOS INDUSTRIAL');Insert into CARRERA_SEDE (SED_COD_SEDE,COD_CARRERA,NOM_CARRERA,ABREVIACION) values ('4','84','INGENIERÍA EN CONSTRUCCIÓN','84-ING. EN CONSTRUCCIÓN');Insert into CARRERA_SEDE (SED_COD_SEDE,COD_CARRERA,NOM_CARRERA,ABREVIACION) values ('4','85','INGENIERÍA DE EJECUCIÓN EN GESTIÓN INDUSTRIAL','85-I. (E) EN GESTIÓN INDUSTRIAL');Insert into CARRERA_SEDE (SED_COD_SEDE,COD_CARRERA,NOM_CARRERA,ABREVIACION) values ('4','86','INGENIERÍA DE EJECUCIÓN EN GESTIÓN DE LA CALIDAD','86-PROG. ING. EJEC. EN GESTIÓN DE LA CALIDAD');Insert into CARRERA_SEDE (SED_COD_SEDE,COD_CARRERA,NOM_CARRERA,ABREVIACION) values ('4','87','INGENIERÍA DE EJECUCIÓN EN SOFTWARE','87-I. (E) EN SOFTWARE - RANCAGUA');Insert into CARRERA_SEDE (SED_COD_SEDE,COD_CARRERA,NOM_CARRERA,ABREVIACION) values ('4','88','INGENIERÍA DE EJECUCIÓN EN SOFTWARE','88-PROG.ING.EJEC.EN SOFTWARE');Insert into CARRERA_SEDE (SED_COD_SEDE,COD_CARRERA,NOM_CARRERA,ABREVIACION) values ('4','89','INGENIERÍA DE EJECUCIÓN EN PREVENCIÓN DE RIESGOS','89-I. (E) EN PREVENCION DE RIESGOS - RANCAGUA');Insert into CARRERA_SEDE (SED_COD_SEDE,COD_CARRERA,NOM_CARRERA,ABREVIACION) values ('4','90','INGENIERÍA DE EJECUCIÓN EN PREVENCIÓN DE RIESGOS','90-I. (E) EN PREVENCIÓN DE RIESGOS - VESPERTINO');Insert into CARRERA_SEDE (SED_COD_SEDE,COD_CARRERA,NOM_CARRERA,ABREVIACION) values ('4','91','INGENIERÍA DE EJECUCIÓN EN GESTIÓN Y CONTROL AMBIENTAL','91-PROG.ING.EJEC.EN GESTIÓN Y CONTROL AMBIENTAL');Insert into CARRERA_SEDE (SED_COD_SEDE,COD_CARRERA,NOM_CARRERA,ABREVIACION) values ('4','92','INGENIERÍA DE EJECUCIÓN EN CONTROL E INSTRUMENTACIÓN INDUSTRIAL','92-I. (E) EN CONTROL E INSTRUMENTACIÓN INDUSTRIAL');Insert into CARRERA_SEDE (SED_COD_SEDE,COD_CARRERA,NOM_CARRERA,ABREVIACION) values ('4','93','INGENIERÍA DE EJECUCIÓN EN PROYECTOS ESTRUCTURALES','93-PROG.ING.EJEC.EN PROYECTOS ESTRUCTURALES');Insert into CARRERA_SEDE (SED_COD_SEDE,COD_CARRERA,NOM_CARRERA,ABREVIACION) values ('4','94','INGENIERÍA DE EJECUCIÓN EN MANTENIMIENTO INDUSTRIAL','94-PROG.ING.EJEC.EN MANTENIMIENTO INDUSTRIAL');Insert into CARRERA_SEDE (SED_COD_SEDE,COD_CARRERA,NOM_CARRERA,ABREVIACION) values ('4','95','INGENIERÍA DE EJECUCIÓN QUÍMICA MENCIÓN CONTROL','95-PROG.ING.EJEC.EN QUÍMICA MENCIÓN CONTROL');Insert into CARRERA_SEDE (SED_COD_SEDE,COD_CARRERA,NOM_CARRERA,ABREVIACION) values ('4','96','TÉCNICO UNIVERSITARIO INDUSTRIAL MENCIÓN CONTROL INDUSTRIAL','96-TÉC. UNIV. IND. MENCIÓN CONTROL INDUSTRIAL');Insert into CARRERA_SEDE (SED_COD_SEDE,COD_CARRERA,NOM_CARRERA,ABREVIACION) values ('4','97','TÉCNICO UNIVERSITARIO INDUSTRIAL MENCIÓN EN MANTENIMIENTO INDUSTRIAL','97-TÉC.UNIV.IND. MENCIÓN MANTENIMIENTO INDUSTRIAL');Insert into CARRERA_SEDE (SED_COD_SEDE,COD_CARRERA,NOM_CARRERA,ABREVIACION) values ('4','98','TÉCNICO UNIVERSITARIO INDUSTRIAL MENCIÓN OPERACIÓN PLANTAS QUÍMICAS','98-TÉC.UNIV.IND.MEN.OP.PLANTAS QUÍMICAS');Insert into CARRERA_SEDE (SED_COD_SEDE,COD_CARRERA,NOM_CARRERA,ABREVIACION) values ('4','99','INGENIERÍA DE EJECUCIÓN EN PREVENCIÓN DE RIESGOS','99-I. (E) EN PREVENCIÓN DE RIESGOS - SANTIAGO');Insert into CARRERA_SEDE (SED_COD_SEDE,COD_CARRERA,NOM_CARRERA,ABREVIACION) values ('5','1','Ingeniería de Ejecución en Gestión Industrial','I.Ejec.Gestión Industrial');Insert into CARRERA_SEDE (SED_COD_SEDE,COD_CARRERA,NOM_CARRERA,ABREVIACION) values ('5','5','Ingeniería de Ejecución en Control e Instrumentación Industrial','I.Ejec.Control e Instrumentación Ind.');Insert into CARRERA_SEDE (SED_COD_SEDE,COD_CARRERA,NOM_CARRERA,ABREVIACION) values ('5','6','Ingeniería de Ejecución en Proyectos de Ingeniería','I.Ejec.Proyectos de Ingeniería');Insert into CARRERA_SEDE (SED_COD_SEDE,COD_CARRERA,NOM_CARRERA,ABREVIACION) values ('5','8','Ingeniería de Ejecución en Mantenimiento Industrial','I.Ejec.Mantenimiento Industrial');Insert into CARRERA_SEDE (SED_COD_SEDE,COD_CARRERA,NOM_CARRERA,ABREVIACION) values ('5','66','Ingeniería de Ejecución en Prevención De Riesgos','I.Ejec.Prevención De Riesgos');Insert into CARRERA_SEDE (SED_COD_SEDE,COD_CARRERA,NOM_CARRERA,ABREVIACION) values ('1','3','Programa Preliminar para Ingeniería','Programa Preliminar para Ingeniería');Insert into CARRERA_SEDE (SED_COD_SEDE,COD_CARRERA,NOM_CARRERA,ABREVIACION) values ('1','4','Ingeniería Civil Plan Común','Ing. Civil Común');Insert into CARRERA_SEDE (SED_COD_SEDE,COD_CARRERA,NOM_CARRERA,ABREVIACION) values ('1','5','Ingeniería Ejecución Común','Ingeniería Ejecución Común');Insert into CARRERA_SEDE (SED_COD_SEDE,COD_CARRERA,NOM_CARRERA,ABREVIACION) values ('1','6','Ingeniería Común','Ingeniería Común');Insert into CARRERA_SEDE (SED_COD_SEDE,COD_CARRERA,NOM_CARRERA,ABREVIACION) values ('1','10','Ingeniería Civil Matemática','Ingeniería Civil Matemática');Insert into CARRERA_SEDE (SED_COD_SEDE,COD_CARRERA,NOM_CARRERA,ABREVIACION) values ('1','11','Ingeniería Civil','Ing. Civil');Insert into CARRERA_SEDE (SED_COD_SEDE,COD_CARRERA,NOM_CARRERA,ABREVIACION) values ('1','12','Construcción Civil','Construcción Civil');Insert into CARRERA_SEDE (SED_COD_SEDE,COD_CARRERA,NOM_CARRERA,ABREVIACION) values ('1','13','Arquitectura','Arquitectura');Insert into CARRERA_SEDE (SED_COD_SEDE,COD_CARRERA,NOM_CARRERA,ABREVIACION) values ('1','21','Ingeniería Civil Electrónica','Ing. Civil Electrónica');Insert into CARRERA_SEDE (SED_COD_SEDE,COD_CARRERA,NOM_CARRERA,ABREVIACION) values ('1','22','Ingeniería de Ejecución Electrónica','I.Ejec.Electrónica');Insert into CARRERA_SEDE (SED_COD_SEDE,COD_CARRERA,NOM_CARRERA,ABREVIACION) values ('1','23','Ingeniería Civil Eléctrica','Ing. Civil  Eléctrica');Insert into CARRERA_SEDE (SED_COD_SEDE,COD_CARRERA,NOM_CARRERA,ABREVIACION) values ('1','24','Ingeniería de Ejecución Eléctrica','I.Ejec.Eléctrica');Insert into CARRERA_SEDE (SED_COD_SEDE,COD_CARRERA,NOM_CARRERA,ABREVIACION) values ('1','25','Ingeniería Eléctrica','Ingeniería Eléctrica');Insert into CARRERA_SEDE (SED_COD_SEDE,COD_CARRERA,NOM_CARRERA,ABREVIACION) values ('1','27','Ingeniería Electrónica','ING. ELECTRONICA');Insert into CARRERA_SEDE (SED_COD_SEDE,COD_CARRERA,NOM_CARRERA,ABREVIACION) values ('1','30','Ingeniería Civil Telemática','Ing. Civil Telemática');Insert into CARRERA_SEDE (SED_COD_SEDE,COD_CARRERA,NOM_CARRERA,ABREVIACION) values ('1','40','Ingeniería Mecánica Industrial','Ingeniería Mecánica Industrial');Insert into CARRERA_SEDE (SED_COD_SEDE,COD_CARRERA,NOM_CARRERA,ABREVIACION) values ('1','41','Ingeniería Civil Mecánica','Ing. Civil Mecánica');Insert into CARRERA_SEDE (SED_COD_SEDE,COD_CARRERA,NOM_CARRERA,ABREVIACION) values ('1','42','Ingeniería de Ejecución Mecánica','I.Ejecución Mecánica');Insert into CARRERA_SEDE (SED_COD_SEDE,COD_CARRERA,NOM_CARRERA,ABREVIACION) values ('1','43','Ingeniería Mecánica Industrial','Ing. Mecánica Industrial');Insert into CARRERA_SEDE (SED_COD_SEDE,COD_CARRERA,NOM_CARRERA,ABREVIACION) values ('1','44','Ingeniería en Diseño de Productos','Ing. en Diseño de Productos');Insert into CARRERA_SEDE (SED_COD_SEDE,COD_CARRERA,NOM_CARRERA,ABREVIACION) values ('1','47','Técnico Universitario en Computación e Informática','Tec. Univ. Comp. e Informática');Insert into CARRERA_SEDE (SED_COD_SEDE,COD_CARRERA,NOM_CARRERA,ABREVIACION) values ('1','48','Técnico Universitario en Proyecto y Diseño Mecánico','Tec. Univ. en Proyectos y D.Mecánico');Insert into CARRERA_SEDE (SED_COD_SEDE,COD_CARRERA,NOM_CARRERA,ABREVIACION) values ('1','49','Técnico Universitario en Mantenimiento Aeronáutico','Tec. Univ. en Mantenimiento Aeronáutico');Insert into CARRERA_SEDE (SED_COD_SEDE,COD_CARRERA,NOM_CARRERA,ABREVIACION) values ('1','50','Ingeniería de Ejecución Química','I.Ejecución Química');Insert into CARRERA_SEDE (SED_COD_SEDE,COD_CARRERA,NOM_CARRERA,ABREVIACION) values ('1','51','Ingeniería Civil Química','Ing. Civil Química');Insert into CARRERA_SEDE (SED_COD_SEDE,COD_CARRERA,NOM_CARRERA,ABREVIACION) values ('1','54','Ingeniería Civil Metalúrgica','I.Civil Metalúrgica');Insert into CARRERA_SEDE (SED_COD_SEDE,COD_CARRERA,NOM_CARRERA,ABREVIACION) values ('1','55','Ingeniería de Ejecución Metalúrgica','I.Ejec.Metalúrgica');Insert into CARRERA_SEDE (SED_COD_SEDE,COD_CARRERA,NOM_CARRERA,ABREVIACION) values ('1','56','Ingeniería Civil de Minas','Ingeniería Civil de Minas');Insert into CARRERA_SEDE (SED_COD_SEDE,COD_CARRERA,NOM_CARRERA,ABREVIACION) values ('1','58','Ingeniería Comercial','Ingeniería Comercial');Insert into CARRERA_SEDE (SED_COD_SEDE,COD_CARRERA,NOM_CARRERA,ABREVIACION) values ('1','59','Piloto Comercial','Piloto Comercial');Insert into CARRERA_SEDE (SED_COD_SEDE,COD_CARRERA,NOM_CARRERA,ABREVIACION) values ('1','60','Ingeniería Civil Industrial','Ing. Civil Industrial');Insert into CARRERA_SEDE (SED_COD_SEDE,COD_CARRERA,NOM_CARRERA,ABREVIACION) values ('1','66','Ingeniería Comercial','Ing. Comercial');Insert into CARRERA_SEDE (SED_COD_SEDE,COD_CARRERA,NOM_CARRERA,ABREVIACION) values ('1','69','Ingeniería en Aviación Comercial','Ing. en Aviación Comercial');Insert into CARRERA_SEDE (SED_COD_SEDE,COD_CARRERA,NOM_CARRERA,ABREVIACION) values ('1','71','Ingeniería de Ejecución en Sistemas de Información','Ingeniería Ejecución en Sistemas de Informaci');Insert into CARRERA_SEDE (SED_COD_SEDE,COD_CARRERA,NOM_CARRERA,ABREVIACION) values ('1','72','Ingeniería Informática','Ingeniería Informática');Insert into CARRERA_SEDE (SED_COD_SEDE,COD_CARRERA,NOM_CARRERA,ABREVIACION) values ('1','73','Ingeniería Civil en Informática','Ing. Civil Informática');Insert into CARRERA_SEDE (SED_COD_SEDE,COD_CARRERA,NOM_CARRERA,ABREVIACION) values ('1','74','Ingeniería de Ejecución en Informática','I.Ejec.Informática');Insert into CARRERA_SEDE (SED_COD_SEDE,COD_CARRERA,NOM_CARRERA,ABREVIACION) values ('1','75','Ingeniería Civil Minas y Metalurgia','Ingeniería Civil Minas y Metalurgia');Insert into CARRERA_SEDE (SED_COD_SEDE,COD_CARRERA,NOM_CARRERA,ABREVIACION) values ('1','80','Químico','Químico');Insert into CARRERA_SEDE (SED_COD_SEDE,COD_CARRERA,NOM_CARRERA,ABREVIACION) values ('1','82','Ingeniería en Alimentos','Ingeniería en Alimentos');Insert into CARRERA_SEDE (SED_COD_SEDE,COD_CARRERA,NOM_CARRERA,ABREVIACION) values ('1','83','Ingeniería Ambiental','Ingeniería Ambiental');Insert into CARRERA_SEDE (SED_COD_SEDE,COD_CARRERA,NOM_CARRERA,ABREVIACION) values ('1','84','Ingeniería Civil Ambiental','Ing. Civil Ambiental');Insert into CARRERA_SEDE (SED_COD_SEDE,COD_CARRERA,NOM_CARRERA,ABREVIACION) values ('1','85','Licenciatura en Ciencias Mención Física','Lic. en Ciencias Mención Física');Insert into CARRERA_SEDE (SED_COD_SEDE,COD_CARRERA,NOM_CARRERA,ABREVIACION) values ('1','86','Licenciatura en Ciencias Plan Común','Licenciatura Plan Común');Insert into CARRERA_SEDE (SED_COD_SEDE,COD_CARRERA,NOM_CARRERA,ABREVIACION) values ('1','88','Licenciatura en Ciencias Mención Matemática','Lic. en Ciencias Mención Matemática');Insert into CARRERA_SEDE (SED_COD_SEDE,COD_CARRERA,NOM_CARRERA,ABREVIACION) values ('1','89','Licenciatura en Ciencias Mención Química','Lic. en Ciencias Mención Química');Insert into CARRERA_SEDE (SED_COD_SEDE,COD_CARRERA,NOM_CARRERA,ABREVIACION) values ('1','90','Especial','Especial');Insert into CARRERA_SEDE (SED_COD_SEDE,COD_CARRERA,NOM_CARRERA,ABREVIACION) values ('1','99','Nivelación','Nivelación');Insert into CARRERA_SEDE (SED_COD_SEDE,COD_CARRERA,NOM_CARRERA,ABREVIACION) values ('1','100','Magíster en Gestión Empresarial','Mag.en Gestión Empresarial');Insert into CARRERA_SEDE (SED_COD_SEDE,COD_CARRERA,NOM_CARRERA,ABREVIACION) values ('1','110','Magíster en Ingeniería Aeronáutica','Mag. en Ingeniería Aeronáutica');Insert into CARRERA_SEDE (SED_COD_SEDE,COD_CARRERA,NOM_CARRERA,ABREVIACION) values ('1','120','Magíster en Tecnologías de Información','Mag. Tecnologías de Información');Insert into CARRERA_SEDE (SED_COD_SEDE,COD_CARRERA,NOM_CARRERA,ABREVIACION) values ('1','130','Magíster en Gestión de Activos y Mantenimiento','Mag. Gestión Activos y Mantenimiento');Insert into CARRERA_SEDE (SED_COD_SEDE,COD_CARRERA,NOM_CARRERA,ABREVIACION) values ('1','140','Magíster en Economía Energética','Mag. en Economía Energética');Insert into CARRERA_SEDE (SED_COD_SEDE,COD_CARRERA,NOM_CARRERA,ABREVIACION) values ('1','150','Magíster en Innovación Tecnológica y Emprendimiento','Mag. Emprendimiento e innovación Tecnológica');Insert into CARRERA_SEDE (SED_COD_SEDE,COD_CARRERA,NOM_CARRERA,ABREVIACION) values ('1','160','Magíster en Gestión y Tecnología Agronómica','Mag. Gestión y Tecnología Agronómica');Insert into CARRERA_SEDE (SED_COD_SEDE,COD_CARRERA,NOM_CARRERA,ABREVIACION) values ('1','170','Magíster en Desarrollo de Proyectos Industriales','Mag. Des. de Proy. Industriales');Insert into CARRERA_SEDE (SED_COD_SEDE,COD_CARRERA,NOM_CARRERA,ABREVIACION) values ('1','180','Magíster Profesional en Redes y Telecomunicaciones','Mag. Prof. en Redes y Telecom.');Insert into CARRERA_SEDE (SED_COD_SEDE,COD_CARRERA,NOM_CARRERA,ABREVIACION) values ('1','270','Magíster en Ciencias de la Ingeniería Industrial','Mag.Cs. de la Ing. Industrial');Insert into CARRERA_SEDE (SED_COD_SEDE,COD_CARRERA,NOM_CARRERA,ABREVIACION) values ('1','280','Magíster en Ciencias de la Ingeniería Eléctrica','Mag.Cs. de la Ing.Eléctrica');Insert into CARRERA_SEDE (SED_COD_SEDE,COD_CARRERA,NOM_CARRERA,ABREVIACION) values ('1','370','Magíster en Ciencias de la Ingenieria Telemática','Mag.Cs. de la Ing.Telemática');Insert into CARRERA_SEDE (SED_COD_SEDE,COD_CARRERA,NOM_CARRERA,ABREVIACION) values ('1','380','Magíster en Ciencias de la Ingeniería Electrónica','Mag.Cs. de la Ing.Electrónica');Insert into CARRERA_SEDE (SED_COD_SEDE,COD_CARRERA,NOM_CARRERA,ABREVIACION) values ('1','383','Magíster en Electrónica','Mag. en Electrónica');Insert into CARRERA_SEDE (SED_COD_SEDE,COD_CARRERA,NOM_CARRERA,ABREVIACION) values ('1','390','Doctorado en Ingeniería Electrónica','Doc. en Ing. Electrónica');Insert into CARRERA_SEDE (SED_COD_SEDE,COD_CARRERA,NOM_CARRERA,ABREVIACION) values ('1','480','Magíster en Ciencias de la Ingeniería Mecánica','Mag.Cs. de la Ing.Mecánica');Insert into CARRERA_SEDE (SED_COD_SEDE,COD_CARRERA,NOM_CARRERA,ABREVIACION) values ('1','490','Doctorado en Ingeniería Mecánica','Doc. en Ing. Mecánica');Insert into CARRERA_SEDE (SED_COD_SEDE,COD_CARRERA,NOM_CARRERA,ABREVIACION) values ('1','580','Magíster en Ciencias de la Ingeniería Química','Mag.Cs. de la Ing.Química');Insert into CARRERA_SEDE (SED_COD_SEDE,COD_CARRERA,NOM_CARRERA,ABREVIACION) values ('1','680','Magíster en Ciencias de la Ingeniería Informática','Mag.Cs. de la Ing.Informática');Insert into CARRERA_SEDE (SED_COD_SEDE,COD_CARRERA,NOM_CARRERA,ABREVIACION) values ('1','690','Doctorado en Ingeniería Informática','Doc. en Ing. Informática');Insert into CARRERA_SEDE (SED_COD_SEDE,COD_CARRERA,NOM_CARRERA,ABREVIACION) values ('1','780','Magíster en Ciencias de la Ingeniería Civil','Mag.Cs. de la Ing.Civil');Insert into CARRERA_SEDE (SED_COD_SEDE,COD_CARRERA,NOM_CARRERA,ABREVIACION) values ('1','820','Magíster en Ciencias Mención Física','Mag.Cs. mención Física.');Insert into CARRERA_SEDE (SED_COD_SEDE,COD_CARRERA,NOM_CARRERA,ABREVIACION) values ('1','821','Magíster en Ciencias Mención Matemática','Mag.Cs. mención Matem.');Insert into CARRERA_SEDE (SED_COD_SEDE,COD_CARRERA,NOM_CARRERA,ABREVIACION) values ('1','822','Magíster en Ciencias Mención Química','Mag.Cs. mención Química.');Insert into CARRERA_SEDE (SED_COD_SEDE,COD_CARRERA,NOM_CARRERA,ABREVIACION) values ('1','830','Doctorado en Ciencias mención Física','Doc. en cs. men. física');Insert into CARRERA_SEDE (SED_COD_SEDE,COD_CARRERA,NOM_CARRERA,ABREVIACION) values ('1','831','Doctorado en Ciencias mención Química','Doc. en cs. men. Química');Insert into CARRERA_SEDE (SED_COD_SEDE,COD_CARRERA,NOM_CARRERA,ABREVIACION) values ('1','900','Doctorado en Biotecnología','Doc. en Biotecnología');Insert into CARRERA_SEDE (SED_COD_SEDE,COD_CARRERA,NOM_CARRERA,ABREVIACION) values ('1','920','Doctorado en Ingeniería Química','Doc. en Ing. Química');Insert into CARRERA_SEDE (SED_COD_SEDE,COD_CARRERA,NOM_CARRERA,ABREVIACION) values ('3','0','Sin Información','Sin Información');Insert into CARRERA_SEDE (SED_COD_SEDE,COD_CARRERA,NOM_CARRERA,ABREVIACION) values ('3','1','Ingeniería de Ejecución en Gestión Industrial','Ing. de Ejec. en Gestión Industrial');Insert into CARRERA_SEDE (SED_COD_SEDE,COD_CARRERA,NOM_CARRERA,ABREVIACION) values ('3','2','Ingeniería de Ejecución en Prevención De Riesgos','I.Ejec.Prevención De Riesgos');Insert into CARRERA_SEDE (SED_COD_SEDE,COD_CARRERA,NOM_CARRERA,ABREVIACION) values ('3','3','Ingeniería de Ejecución en Sistemas Computacionales','Ing. de Ejec. en Sistemas Computacionales');Insert into CARRERA_SEDE (SED_COD_SEDE,COD_CARRERA,NOM_CARRERA,ABREVIACION) values ('3','4','Ingeniería de Ejecución en Manufactura','Ing. de Ejec. en Manufactura');Insert into CARRERA_SEDE (SED_COD_SEDE,COD_CARRERA,NOM_CARRERA,ABREVIACION) values ('3','5','Ingeniería de Ejecución en Control e Instrumentación Industrial','Ing. de Ejec. en Control e Instrumentación Industr');Insert into CARRERA_SEDE (SED_COD_SEDE,COD_CARRERA,NOM_CARRERA,ABREVIACION) values ('3','6','Ingeniería de Ejecución en Proyectos de Ingeniería','Ing. de Ejec. en Proyectos de Ingeniería');Insert into CARRERA_SEDE (SED_COD_SEDE,COD_CARRERA,NOM_CARRERA,ABREVIACION) values ('3','7','Ingeniería de Ejecución en Software','Ing. de Ejec. en Software');Insert into CARRERA_SEDE (SED_COD_SEDE,COD_CARRERA,NOM_CARRERA,ABREVIACION) values ('3','8','Ingeniería de Ejecución en Mantenimiento Industrial','Ing. de Ejec. en Mantenimiento Industrial');Insert into CARRERA_SEDE (SED_COD_SEDE,COD_CARRERA,NOM_CARRERA,ABREVIACION) values ('3','9','Ingeniería en Prevención de Riesgos Laborales y Ambientales ','Ing. en Prevención de Riesgos Lab.y Amb.');Insert into CARRERA_SEDE (SED_COD_SEDE,COD_CARRERA,NOM_CARRERA,ABREVIACION) values ('3','11','Técnico Universitario en Electricidad','Tec. Univ. Electricidad');Insert into CARRERA_SEDE (SED_COD_SEDE,COD_CARRERA,NOM_CARRERA,ABREVIACION) values ('3','21','Técnico Universitario en Electrónica','Tec. Univ. Electrónica');Insert into CARRERA_SEDE (SED_COD_SEDE,COD_CARRERA,NOM_CARRERA,ABREVIACION) values ('3','22','Técnico Universitario en Telecomunicaciones y Redes','Téc. Univ. Telecomunicaciones y Redes');Insert into CARRERA_SEDE (SED_COD_SEDE,COD_CARRERA,NOM_CARRERA,ABREVIACION) values ('3','31','Técnico Universitario en Matricería para Plásticos y Metales','Tec. Univ. Matricería para Plásticos y Met.');Insert into CARRERA_SEDE (SED_COD_SEDE,COD_CARRERA,NOM_CARRERA,ABREVIACION) values ('3','32','Técnico Universitario en Diseño y Construcción de Matrices','Diseño y Construcción de Matrices');Insert into CARRERA_SEDE (SED_COD_SEDE,COD_CARRERA,NOM_CARRERA,ABREVIACION) values ('3','41','Técnico Universitario en Mecánica Industrial','Tec. Univ. Mecánica Industrial');Insert into CARRERA_SEDE (SED_COD_SEDE,COD_CARRERA,NOM_CARRERA,ABREVIACION) values ('3','42','Ingeniería de Ejecución en Mecánica de Procesos y Mantenimiento Industrial','Ing. Ejec. Mecánica de Proc. y Mant.Ind.');Insert into CARRERA_SEDE (SED_COD_SEDE,COD_CARRERA,NOM_CARRERA,ABREVIACION) values ('3','43','Técnico Universitario en Mecánica de Procesos y Mantenimiento Industrial','TÉCNICO EN MECÁNICA DE PROCESOS Y MANTENIMIENTO IN');Insert into CARRERA_SEDE (SED_COD_SEDE,COD_CARRERA,NOM_CARRERA,ABREVIACION) values ('3','44','Técnico Universitario en Minería y Metalurgia','Téc. Univ. Minería y Metalurgia');Insert into CARRERA_SEDE (SED_COD_SEDE,COD_CARRERA,NOM_CARRERA,ABREVIACION) values ('3','47','Técnico Universitario Industrial Mención en Mantenimiento Industrial','Industrial en Mant.Industrial');Insert into CARRERA_SEDE (SED_COD_SEDE,COD_CARRERA,NOM_CARRERA,ABREVIACION) values ('3','48','Técnico Universitario Industrial Mención en Operaciones de Plantas Químicas','Industrial en Op.Plantas Quím.');Insert into CARRERA_SEDE (SED_COD_SEDE,COD_CARRERA,NOM_CARRERA,ABREVIACION) values ('3','51','Técnico Universitario en Mecánica Automotriz','Tec. Univ. Mecánica Automotriz');Insert into CARRERA_SEDE (SED_COD_SEDE,COD_CARRERA,NOM_CARRERA,ABREVIACION) values ('3','61','Técnico Universitario en Construmensura','Construmensura');Insert into CARRERA_SEDE (SED_COD_SEDE,COD_CARRERA,NOM_CARRERA,ABREVIACION) values ('3','62','Técnico Universitario en Administración y Control de Obras','Administración y Control de Obras');Insert into CARRERA_SEDE (SED_COD_SEDE,COD_CARRERA,NOM_CARRERA,ABREVIACION) values ('3','63','Técnico Universitario en Construcción','Tec. Univ. Construcción');Insert into CARRERA_SEDE (SED_COD_SEDE,COD_CARRERA,NOM_CARRERA,ABREVIACION) values ('3','64','Técnico Universitario en Edificación','Edificación');Insert into CARRERA_SEDE (SED_COD_SEDE,COD_CARRERA,NOM_CARRERA,ABREVIACION) values ('3','65','Técnico Universitario en Prevención de Riesgos','Tec. Univ. Prevención de Riesgos');Insert into CARRERA_SEDE (SED_COD_SEDE,COD_CARRERA,NOM_CARRERA,ABREVIACION) values ('3','66','Ingeniería de Ejecución en Prevención De Riesgos','Ing. Ejec. Prevención de Riesgos');Insert into CARRERA_SEDE (SED_COD_SEDE,COD_CARRERA,NOM_CARRERA,ABREVIACION) values ('3','67','Ingeniería en Prevención de Riesgos Laborales y Ambientales','Ing. Prevención de Riesgos Laborales y Ambientales');Insert into CARRERA_SEDE (SED_COD_SEDE,COD_CARRERA,NOM_CARRERA,ABREVIACION) values ('3','71','Técnico Universitario en Proyecto y Diseño Mecánico','Tec. Univ. Proyecto y Diseño Mecánico');Insert into CARRERA_SEDE (SED_COD_SEDE,COD_CARRERA,NOM_CARRERA,ABREVIACION) values ('3','72','Técnico Universitario en Proyectos de Ingeniería','Tec. Univ. Proyectos de Ingeniería');Insert into CARRERA_SEDE (SED_COD_SEDE,COD_CARRERA,NOM_CARRERA,ABREVIACION) values ('3','73','Ingeniería en Fabricación y Diseño Industrial','Ing. Fabricación y Diseño Industrial');Insert into CARRERA_SEDE (SED_COD_SEDE,COD_CARRERA,NOM_CARRERA,ABREVIACION) values ('3','75','Técnico Universitario en Dibujo y Proyectos Mecánicos','Dibujo y Proyectos Mecánicos');Insert into CARRERA_SEDE (SED_COD_SEDE,COD_CARRERA,NOM_CARRERA,ABREVIACION) values ('3','81','Técnico Universitario en Química Analítica','Química Analítica');Insert into CARRERA_SEDE (SED_COD_SEDE,COD_CARRERA,NOM_CARRERA,ABREVIACION) values ('3','82','Técnico Universitario en Control de Alimentos','Tec. Univ Control de Alimentos');Insert into CARRERA_SEDE (SED_COD_SEDE,COD_CARRERA,NOM_CARRERA,ABREVIACION) values ('3','83','Técnico Universitario en Control del Medio Ambiente','Tec. Univ. Control del Medio Ambiente');Insert into CARRERA_SEDE (SED_COD_SEDE,COD_CARRERA,NOM_CARRERA,ABREVIACION) values ('3','84','Técnico Universitario en Química','Tec. Univ. Química');Insert into CARRERA_SEDE (SED_COD_SEDE,COD_CARRERA,NOM_CARRERA,ABREVIACION) values ('3','91','Técnico Universitario en Programación de Computadores','Programación de Computadores');Insert into CARRERA_SEDE (SED_COD_SEDE,COD_CARRERA,NOM_CARRERA,ABREVIACION) values ('3','92','Técnico Universitario en Informática','Tec. Univ. Informática');Insert into CARRERA_SEDE (SED_COD_SEDE,COD_CARRERA,NOM_CARRERA,ABREVIACION) values ('3','95','Diplomado de Post-Título en Docencia de Educación','Docencia de Educación');Insert into CARRERA_SEDE (SED_COD_SEDE,COD_CARRERA,NOM_CARRERA,ABREVIACION) values ('4','0','SUBDIRECCION','SUB - DIRECCION');Insert into CARRERA_SEDE (SED_COD_SEDE,COD_CARRERA,NOM_CARRERA,ABREVIACION) values ('4','1','INGENIERÍA DE EJECUCIÓN EN CONTROL E INSTRUMENTACIÓN INDUSTRIAL','01-PROG. ING. EJEC. EN CONTROL INSTRUMENTACIÓN IND');Insert into CARRERA_SEDE (SED_COD_SEDE,COD_CARRERA,NOM_CARRERA,ABREVIACION) values ('4','2','INGENIERÍA DE EJECUCIÓN EN CONTROL E INSTRUMENTACIÓN INDUSTRIAL','02-I. (E) EN CONTROL E INS. INDUSTRIAL - TALCA');Insert into CARRERA_SEDE (SED_COD_SEDE,COD_CARRERA,NOM_CARRERA,ABREVIACION) values ('4','3','INGENIERÍA DE EJECUCIÓN EN GESTIÓN INDUSTRIAL','03-PROG. ING. EJEC. EN GESTIÓN INDUSTRIAL');Insert into CARRERA_SEDE (SED_COD_SEDE,COD_CARRERA,NOM_CARRERA,ABREVIACION) values ('4','4','TÉCNICO UNIVERSITARIO INDUSTRIAL MENCIÓN SISTEMAS ELÉCTRICOS DE CONTROL','04-TEC.UNIV.IND.MENCION SIST.ELECTRICOS DE CONTROL');Insert into CARRERA_SEDE (SED_COD_SEDE,COD_CARRERA,NOM_CARRERA,ABREVIACION) values ('4','5','TÉCNICO UNIVERSITARIO INDUSTRIAL MENCIÓN SISTEMAS ELÉCTRICOS DE CONTROL','05-TEC.UNIV.IND.MENCION SIST.ELECTRICOS DE CONTROL');Insert into CARRERA_SEDE (SED_COD_SEDE,COD_CARRERA,NOM_CARRERA,ABREVIACION) values ('4','6','INGENIERÍA DE EJECUCIÓN EN GESTIÓN INDUSTRIAL','06-I. (E) EN GESTIÓN INDUSTRIAL - MODULAR');Insert into CARRERA_SEDE (SED_COD_SEDE,COD_CARRERA,NOM_CARRERA,ABREVIACION) values ('4','7','INGENIERÍA DE EJECUCIÓN EN GESTIÓN INDUSTRIAL','07-I. (E) EN GESTIÓN INDUSTRIAL - TALCA');Insert into CARRERA_SEDE (SED_COD_SEDE,COD_CARRERA,NOM_CARRERA,ABREVIACION) values ('4','8','TÉCNICO UNIVERSITARIO INDUSTRIAL MENCIÓN EN INSTRUMENTACIÓN Y CONTROL AUTOMÁTICO','08-TEC.UNIV.IND.MENCION EN INSTRUMENTACION Y CONTR');Insert into CARRERA_SEDE (SED_COD_SEDE,COD_CARRERA,NOM_CARRERA,ABREVIACION) values ('4','9','INGENIERÍA DE EJECUCIÓN EN GESTIÓN INDUSTRIAL','09-I. (E) EN GESTIÓN INDUSTRIAL - CHILLÁN');Insert into CARRERA_SEDE (SED_COD_SEDE,COD_CARRERA,NOM_CARRERA,ABREVIACION) values ('4','10','TÉCNICO UNIVERSITARIO EN ELECTRÓNICA','10-TEC. UNIV. ELECTRÓNICA');Insert into CARRERA_SEDE (SED_COD_SEDE,COD_CARRERA,NOM_CARRERA,ABREVIACION) values ('4','11','TÉCNICO UNIVERSITARIO EN SISTEMAS ELECTRÓNICOS','11-SISTEMAS ELECTRÓNICOS');Insert into CARRERA_SEDE (SED_COD_SEDE,COD_CARRERA,NOM_CARRERA,ABREVIACION) values ('4','12','TÉCNICO UNIVERSITARIO EN ELECTRÓNICA INDUSTRIAL','12-ELECTRÓNICA INDUSTRIAL');Insert into CARRERA_SEDE (SED_COD_SEDE,COD_CARRERA,NOM_CARRERA,ABREVIACION) values ('4','13','SUBTÉCNICO EN LA ESPECIALIDAD QUÍMICA ANALÍTICA','13-SUBTÉCNICO EN QUIMICA ANALÍTICA');Insert into CARRERA_SEDE (SED_COD_SEDE,COD_CARRERA,NOM_CARRERA,ABREVIACION) values ('4','14','SUBTÉCNICO EN LA ESPECIALIDAD MECÁNICA EN MANTENIMIENTO','14-SUBTÉCNICO EN MECANICA EN MANTENIMIENTO');Insert into CARRERA_SEDE (SED_COD_SEDE,COD_CARRERA,NOM_CARRERA,ABREVIACION) values ('4','15','TÉCNICO UNIVERSITARIO EN PROGRAMACIÓN DE COMPUTADORES','15-PROGRAMACIÓN DE COMPUTADORES');Insert into CARRERA_SEDE (SED_COD_SEDE,COD_CARRERA,NOM_CARRERA,ABREVIACION) values ('4','16','TÉCNICO UNIVERSITARIO EN COMPUTACIÓN E INFORMÁTICA','16-COMPUTACIÓN E INFORMÁTICA');Insert into CARRERA_SEDE (SED_COD_SEDE,COD_CARRERA,NOM_CARRERA,ABREVIACION) values ('4','17','TÉCNICO UNIVERSITARIO EN INFORMÁTICA','17-TEC. UNIV. INFORMÁTICA');Insert into CARRERA_SEDE (SED_COD_SEDE,COD_CARRERA,NOM_CARRERA,ABREVIACION) values ('4','28','Técnico Universitario en Telecomunicaciones y Redes','28-Téc. Univ. en Telecomunicaciones y Redes');Insert into CARRERA_SEDE (SED_COD_SEDE,COD_CARRERA,NOM_CARRERA,ABREVIACION) values ('3','46','Técnico Universitario en Energías Renovables','Téc. Univ. Energías Renovables');Insert into CARRERA_SEDE (SED_COD_SEDE,COD_CARRERA,NOM_CARRERA,ABREVIACION) values ('3','10','Ing. en Construcción con Licenciatura en Ingeniería','Ing. en Construcción con Licenciatura en Ingenierí');Insert into CARRERA_SEDE (SED_COD_SEDE,COD_CARRERA,NOM_CARRERA,ABREVIACION) values ('3','12','Ing. de Ejec. en Gestión de la Calidad','Ing. de Ejec. en Gestión de  la Calidad');Insert into CARRERA_SEDE (SED_COD_SEDE,COD_CARRERA,NOM_CARRERA,ABREVIACION) values ('4','57','TÉCNICO UNIVERSITARIO EN ROBÓTICA Y MECATRÓNICA','57-TEC. UNIV. EN ROBÓTICA Y MECATRÓNICA-CURICO');Insert into CARRERA_SEDE (SED_COD_SEDE,COD_CARRERA,NOM_CARRERA,ABREVIACION) values ('1','52','Ingeniería Ejecución Química Operaciones','I.Ejecución Química Operaciones');Insert into CARRERA_SEDE (SED_COD_SEDE,COD_CARRERA,NOM_CARRERA,ABREVIACION) values ('4','24','TÉCNICO UNIVERSITARIO EN MANTENIMIENTO INDUSTRIAL','24-TEC. UNIV. EN MANTENIMIENTO INDUSTRIAL ');Insert into CARRERA_SEDE (SED_COD_SEDE,COD_CARRERA,NOM_CARRERA,ABREVIACION) values ('4','100','PROGRAMA PPT PD 201','PPT PD 2015');Insert into CARRERA_SEDE (SED_COD_SEDE,COD_CARRERA,NOM_CARRERA,ABREVIACION) values ('1','53','Ingeniería Ejecución Química Control','I. Ejecución Química Control');Insert into CARRERA_SEDE (SED_COD_SEDE,COD_CARRERA,NOM_CARRERA,ABREVIACION) values ('1','29','INGENIERÍA DE EJECUCIÓN EN DISEÑO AMBIENTAL DE INTERIORES','INGENIERÍA DE EJECUCIÓN EN DISEÑO AMBIENTAL DE INT');Insert into CARRERA_SEDE (SED_COD_SEDE,COD_CARRERA,NOM_CARRERA,ABREVIACION) values ('6','10','ECONOMISTA','ECONOMISTA');Insert into CARRERA_SEDE (SED_COD_SEDE,COD_CARRERA,NOM_CARRERA,ABREVIACION) values ('6','11','Ingeniero Comercial','Ingeniero Comercial');Insert into CARRERA_SEDE (SED_COD_SEDE,COD_CARRERA,NOM_CARRERA,ABREVIACION) values ('6','12','INGENIERO EN GESTIÓN EMPRESARIAL INTERNACIONA','INGENIERO EN GESTIÓN EMPRESARIAL INTERNACIONA');Insert into CARRERA_SEDE (SED_COD_SEDE,COD_CARRERA,NOM_CARRERA,ABREVIACION) values ('6','13','INGENIERO EN MARKETING GERENCIAL','INGENIERO EN MARKETING GERENCIAL');Insert into CARRERA_SEDE (SED_COD_SEDE,COD_CARRERA,NOM_CARRERA,ABREVIACION) values ('6','14','INGENIERO INFORMÁTICO DE GESTIÓN','INGENIERO INFORMÁTICO DE GESTIÓN');Insert into CARRERA_SEDE (SED_COD_SEDE,COD_CARRERA,NOM_CARRERA,ABREVIACION) values ('6','15','LICENCIADO EN GESTION DE DISEÑO Y COMUNICACIÓN VISUAL','LICENCIADO EN GESTION DE DISEÑO Y COMUNICACIÓN VIS');Insert into CARRERA_SEDE (SED_COD_SEDE,COD_CARRERA,NOM_CARRERA,ABREVIACION) values ('6','50','Magíster Ejecutivo en Informática de Gestión y Nuevas Tecnologías','Magíster Ejecutivo en Informática de Gestión y Nue');Insert into CARRERA_SEDE (SED_COD_SEDE,COD_CARRERA,NOM_CARRERA,ABREVIACION) values ('6','51','Master  en Administración de Empresas','Master  en Administración de Empresas');Insert into CARRERA_SEDE (SED_COD_SEDE,COD_CARRERA,NOM_CARRERA,ABREVIACION) values ('1','61','INGENIERÍA DE EJECUCIÓN EN DISEÑO AMBIENTAL DE INTERIORES','I.Ejec. Diseño Ambiental de Interiores');Insert into CARRERA_SEDE (SED_COD_SEDE,COD_CARRERA,NOM_CARRERA,ABREVIACION) values ('4','58','TÉCNICO UNIVERSITARIO EN MANTENIMIENTO INDUSTRIAL','58-T.U. EN MANTENIMIENTO INDUSTRIAL - CURICÓ');Insert into CARRERA_SEDE (SED_COD_SEDE,COD_CARRERA,NOM_CARRERA,ABREVIACION) values ('1','111','Diplomado Pilotos Privados','Piloto Privado');Insert into CARRERA_SEDE (SED_COD_SEDE,COD_CARRERA,NOM_CARRERA,ABREVIACION) values ('4','59','TÉCNICO UNIVERSITARIO EN CONTROL DEL MEDIO AMBIENTE','59-TEC. UNIV. EN CONTROL DEL MEDIO AMBIENTE');Insert into CARRERA_SEDE (SED_COD_SEDE,COD_CARRERA,NOM_CARRERA,ABREVIACION) values ('4','23','TÉCNICO UNIVERSITARIO EN ROBÓTICA Y MECATRÓNICA','23-TEC. UNIV. EN ROBÓTICA Y MECATRÓNICA');Insert into CARRERA_SEDE (SED_COD_SEDE,COD_CARRERA,NOM_CARRERA,ABREVIACION) values ('3','85','Técnico Universitario en Gestión de Calidad en Alimentos','Tec. Univ. Gestión de Calidad en Alimentos');Insert into CARRERA_SEDE (SED_COD_SEDE,COD_CARRERA,NOM_CARRERA,ABREVIACION) values ('3','45','Técnico Universitario en Mantenimiento Industrial','Tec. Univ. Mantenimiento Industrial');Insert into CARRERA_SEDE (SED_COD_SEDE,COD_CARRERA,NOM_CARRERA,ABREVIACION) values ('3','33','Técnico Universitario en Diseño y Producción Industrial en Moldes y Matrices','Tec. Univ. Diseño y Prod. Ind. Moldes y Matrices');Insert into CARRERA_SEDE (SED_COD_SEDE,COD_CARRERA,NOM_CARRERA,ABREVIACION) values ('3','99','Nivelación','Nivelación');Insert into CARRERA_SEDE (SED_COD_SEDE,COD_CARRERA,NOM_CARRERA,ABREVIACION) values ('4','38','TÉCNICO UNIVERSITARIO EN MANTENIMIENTO INDUSTRIAL','38-TEC. UNIV. EN MANTENIMIENTO IND - ANGOL');Insert into CARRERA_SEDE (SED_COD_SEDE,COD_CARRERA,NOM_CARRERA,ABREVIACION) values ('4','46','INGENIERÍA EN PREVENCIÓN DE RIESGOS LABORALES Y AMBIENTALES','46-INGENIERÍA EN PREVENCIÓN DE RIESGOS LABORALES Y');Insert into CARRERA_SEDE (SED_COD_SEDE,COD_CARRERA,NOM_CARRERA,ABREVIACION) values ('4','26','INGENIERÍA DE EJECUCIÓN EN MANTENIMIENTO INDUSTRIAL','26-I. (E) EN MANTENIMIENTO INDUSTRIAL');Insert into CARRERA_SEDE (SED_COD_SEDE,COD_CARRERA,NOM_CARRERA,ABREVIACION) values ('3','49','Técnico Universitario en Mantenimiento Aeronáutico','Tec. Univ. en Mantenimiento Aeronáutico');Insert into CARRERA_SEDE (SED_COD_SEDE,COD_CARRERA,NOM_CARRERA,ABREVIACION) values ('1','840','Doctorado en Matemática','Doc. Matemática');Insert into CARRERA_SEDE (SED_COD_SEDE,COD_CARRERA,NOM_CARRERA,ABREVIACION) values ('1','260','Magíster en Ciencias de la Ingeniería Metalúrgica','Mag.Cs. de la Ing.Metalúrgica');Insert into PAIS (COD_PAIS,NOM_PAIS,NOM_NACIONALIDAD,NUM_PAIS) values ('0','Sin información','s.informacion','0');Insert into PAIS (COD_PAIS,NOM_PAIS,NOM_NACIONALIDAD,NUM_PAIS) values ('27','Sudáfrica','Sudafricana','27');Insert into PAIS (COD_PAIS,NOM_PAIS,NOM_NACIONALIDAD,NUM_PAIS) values ('30','Grecia','Griega','30');Insert into PAIS (COD_PAIS,NOM_PAIS,NOM_NACIONALIDAD,NUM_PAIS) values ('31','Holanda','Holandesa','31');Insert into PAIS (COD_PAIS,NOM_PAIS,NOM_NACIONALIDAD,NUM_PAIS) values ('32','Bélgica','Belga','32');Insert into PAIS (COD_PAIS,NOM_PAIS,NOM_NACIONALIDAD,NUM_PAIS) values ('33','Francia','Francesa','33');Insert into PAIS (COD_PAIS,NOM_PAIS,NOM_NACIONALIDAD,NUM_PAIS) values ('34','España','Española','34');Insert into PAIS (COD_PAIS,NOM_PAIS,NOM_NACIONALIDAD,NUM_PAIS) values ('36','Hungría','Húngara','36');Insert into PAIS (COD_PAIS,NOM_PAIS,NOM_NACIONALIDAD,NUM_PAIS) values ('39','Italia','Italiana','39');Insert into PAIS (COD_PAIS,NOM_PAIS,NOM_NACIONALIDAD,NUM_PAIS) values ('41','Suiza','Suiza','41');Insert into PAIS (COD_PAIS,NOM_PAIS,NOM_NACIONALIDAD,NUM_PAIS) values ('43','Austria','Austríaca','43');Insert into PAIS (COD_PAIS,NOM_PAIS,NOM_NACIONALIDAD,NUM_PAIS) values ('44','Reino Unido','Británico','44');Insert into PAIS (COD_PAIS,NOM_PAIS,NOM_NACIONALIDAD,NUM_PAIS) values ('46','Suecia','Sueca','46');Insert into PAIS (COD_PAIS,NOM_PAIS,NOM_NACIONALIDAD,NUM_PAIS) values ('47','Noruega','Noruega','47');Insert into PAIS (COD_PAIS,NOM_PAIS,NOM_NACIONALIDAD,NUM_PAIS) values ('48','Polonia','Polaca','48');Insert into PAIS (COD_PAIS,NOM_PAIS,NOM_NACIONALIDAD,NUM_PAIS) values ('49','Alemania','Alemana','49');Insert into PAIS (COD_PAIS,NOM_PAIS,NOM_NACIONALIDAD,NUM_PAIS) values ('51','Perú','Peruana','51');Insert into PAIS (COD_PAIS,NOM_PAIS,NOM_NACIONALIDAD,NUM_PAIS) values ('52','México','Mexicana','52');Insert into PAIS (COD_PAIS,NOM_PAIS,NOM_NACIONALIDAD,NUM_PAIS) values ('53','Cuba','Cubana','53');Insert into PAIS (COD_PAIS,NOM_PAIS,NOM_NACIONALIDAD,NUM_PAIS) values ('54','Argentina','Argentina','54');Insert into PAIS (COD_PAIS,NOM_PAIS,NOM_NACIONALIDAD,NUM_PAIS) values ('55','Brasil','Brasileña','55');Insert into PAIS (COD_PAIS,NOM_PAIS,NOM_NACIONALIDAD,NUM_PAIS) values ('56','Chile','Chilena','56');Insert into PAIS (COD_PAIS,NOM_PAIS,NOM_NACIONALIDAD,NUM_PAIS) values ('57','Colombia','Colombiana','57');Insert into PAIS (COD_PAIS,NOM_PAIS,NOM_NACIONALIDAD,NUM_PAIS) values ('58','Venezuela','Venezolana','58');Insert into PAIS (COD_PAIS,NOM_PAIS,NOM_NACIONALIDAD,NUM_PAIS) values ('61','Australia','Australiana','61');Insert into PAIS (COD_PAIS,NOM_PAIS,NOM_NACIONALIDAD,NUM_PAIS) values ('62','Indonesia','Indonesa','62');Insert into PAIS (COD_PAIS,NOM_PAIS,NOM_NACIONALIDAD,NUM_PAIS) values ('64','Nueva Zelandia','Neozelandesa','64');Insert into PAIS (COD_PAIS,NOM_PAIS,NOM_NACIONALIDAD,NUM_PAIS) values ('65','Singapur','Singapuresa','65');Insert into PAIS (COD_PAIS,NOM_PAIS,NOM_NACIONALIDAD,NUM_PAIS) values ('81','Japón','Japones','81');Insert into PAIS (COD_PAIS,NOM_PAIS,NOM_NACIONALIDAD,NUM_PAIS) values ('82','Corea del Sur','Coreana','82');Insert into PAIS (COD_PAIS,NOM_PAIS,NOM_NACIONALIDAD,NUM_PAIS) values ('86','China','China','86');Insert into PAIS (COD_PAIS,NOM_PAIS,NOM_NACIONALIDAD,NUM_PAIS) values ('90','Turquía','Turca','90');Insert into PAIS (COD_PAIS,NOM_PAIS,NOM_NACIONALIDAD,NUM_PAIS) values ('91','India','India','91');Insert into PAIS (COD_PAIS,NOM_PAIS,NOM_NACIONALIDAD,NUM_PAIS) values ('351','Portugal','Portuguesa','351');Insert into PAIS (COD_PAIS,NOM_PAIS,NOM_NACIONALIDAD,NUM_PAIS) values ('353','Irlanda del Sur','Irlandés','353');Insert into PAIS (COD_PAIS,NOM_PAIS,NOM_NACIONALIDAD,NUM_PAIS) values ('358','Finlandia','Finlandesa','358');Insert into PAIS (COD_PAIS,NOM_PAIS,NOM_NACIONALIDAD,NUM_PAIS) values ('359','Bulgaria','Bulgara','359');Insert into PAIS (COD_PAIS,NOM_PAIS,NOM_NACIONALIDAD,NUM_PAIS) values ('381','Yugoslavia','Yugoslava','381');Insert into PAIS (COD_PAIS,NOM_PAIS,NOM_NACIONALIDAD,NUM_PAIS) values ('385','Croacía','Croata','385');Insert into PAIS (COD_PAIS,NOM_PAIS,NOM_NACIONALIDAD,NUM_PAIS) values ('502','Guatemala','Guatemalteca','502');Insert into PAIS (COD_PAIS,NOM_PAIS,NOM_NACIONALIDAD,NUM_PAIS) values ('503','El Salvador','Salvadoreño','503');Insert into PAIS (COD_PAIS,NOM_PAIS,NOM_NACIONALIDAD,NUM_PAIS) values ('504','Honduras','Hondureña','504');Insert into PAIS (COD_PAIS,NOM_PAIS,NOM_NACIONALIDAD,NUM_PAIS) values ('505','Nicaragua','Nicaragüense','505');Insert into PAIS (COD_PAIS,NOM_PAIS,NOM_NACIONALIDAD,NUM_PAIS) values ('506','Costa Rica','Costarricense','506');Insert into PAIS (COD_PAIS,NOM_PAIS,NOM_NACIONALIDAD,NUM_PAIS) values ('507','Panamá','Panameña','507');Insert into PAIS (COD_PAIS,NOM_PAIS,NOM_NACIONALIDAD,NUM_PAIS) values ('509','Haiti','Haitiana','509');Insert into PAIS (COD_PAIS,NOM_PAIS,NOM_NACIONALIDAD,NUM_PAIS) values ('591','Bolivia','Boliviana','591');Insert into PAIS (COD_PAIS,NOM_PAIS,NOM_NACIONALIDAD,NUM_PAIS) values ('593','Ecuador','Ecuatoriana','593');Insert into PAIS (COD_PAIS,NOM_PAIS,NOM_NACIONALIDAD,NUM_PAIS) values ('595','Paraguay','Paraguaya','595');Insert into PAIS (COD_PAIS,NOM_PAIS,NOM_NACIONALIDAD,NUM_PAIS) values ('598','Uruguay','Uruguaya','598');Insert into PAIS (COD_PAIS,NOM_PAIS,NOM_NACIONALIDAD,NUM_PAIS) values ('972','Israel','Israelí','972');Insert into PAIS (COD_PAIS,NOM_PAIS,NOM_NACIONALIDAD,NUM_PAIS) values ('977','Nepal','Nepal','0');Insert into PAIS (COD_PAIS,NOM_PAIS,NOM_NACIONALIDAD,NUM_PAIS) values ('978','Nigeria','Nigeria','0');Insert into PAIS (COD_PAIS,NOM_PAIS,NOM_NACIONALIDAD,NUM_PAIS) values ('249','Sudán','Sudanés','249');Insert into PAIS (COD_PAIS,NOM_PAIS,NOM_NACIONALIDAD,NUM_PAIS) values ('7','Federación Rusa','Federación Rusa','7');Insert into PAIS (COD_PAIS,NOM_PAIS,NOM_NACIONALIDAD,NUM_PAIS) values ('40','Rumanía','Rumano','40');Insert into PAIS (COD_PAIS,NOM_PAIS,NOM_NACIONALIDAD,NUM_PAIS) values ('355','Albania','Albano','355');Insert into PAIS (COD_PAIS,NOM_PAIS,NOM_NACIONALIDAD,NUM_PAIS) values ('387','Bosnia-Herzegovina','Bosnio','387');Insert into PAIS (COD_PAIS,NOM_PAIS,NOM_NACIONALIDAD,NUM_PAIS) values ('852','Hong Kong','Hongkonés','852');Insert into PAIS (COD_PAIS,NOM_PAIS,NOM_NACIONALIDAD,NUM_PAIS) values ('2','Canadá','Canadiense','2');Insert into PAIS (COD_PAIS,NOM_PAIS,NOM_NACIONALIDAD,NUM_PAIS) values ('45','Dinamarca','Danés','45');Insert into PAIS (COD_PAIS,NOM_PAIS,NOM_NACIONALIDAD,NUM_PAIS) values ('20','Egipto','Egipcio','20');Insert into PAIS (COD_PAIS,NOM_PAIS,NOM_NACIONALIDAD,NUM_PAIS) values ('1','Estados Unidos','Estadounidense ','1');Insert into PAIS (COD_PAIS,NOM_PAIS,NOM_NACIONALIDAD,NUM_PAIS) values ('63','Filipinas','Filipina','63');Insert into PAIS (COD_PAIS,NOM_PAIS,NOM_NACIONALIDAD,NUM_PAIS) values ('98','Irán','Iraní','98');Insert into PAIS (COD_PAIS,NOM_PAIS,NOM_NACIONALIDAD,NUM_PAIS) values ('1876','Jamaica','Jamaicana','1876');Insert into PAIS (COD_PAIS,NOM_PAIS,NOM_NACIONALIDAD,NUM_PAIS) values ('962','Jordania','Jordano','962');Insert into PAIS (COD_PAIS,NOM_PAIS,NOM_NACIONALIDAD,NUM_PAIS) values ('8','Kazajistán','Kazajo','8');Insert into PAIS (COD_PAIS,NOM_PAIS,NOM_NACIONALIDAD,NUM_PAIS) values ('371','Letonia','Letona','371');Insert into PAIS (COD_PAIS,NOM_PAIS,NOM_NACIONALIDAD,NUM_PAIS) values ('212','Marruecos','Marroquí','212');Insert into PAIS (COD_PAIS,NOM_PAIS,NOM_NACIONALIDAD,NUM_PAIS) values ('234','Nigeria','Nigeriano','234');Insert into PAIS (COD_PAIS,NOM_PAIS,NOM_NACIONALIDAD,NUM_PAIS) values ('92','Pakistán','Pakistaní','92');Insert into PAIS (COD_PAIS,NOM_PAIS,NOM_NACIONALIDAD,NUM_PAIS) values ('1787','Puerto Rico','Puertorriqueña','1787');Insert into PAIS (COD_PAIS,NOM_PAIS,NOM_NACIONALIDAD,NUM_PAIS) values ('420','República Checa','Checo','420');Insert into PAIS (COD_PAIS,NOM_PAIS,NOM_NACIONALIDAD,NUM_PAIS) values ('1809','República Dominicana','Dominicana','1809');Insert into PAIS (COD_PAIS,NOM_PAIS,NOM_NACIONALIDAD,NUM_PAIS) values ('241','República Gabonesa','Gabonés','241');Insert into PAIS (COD_PAIS,NOM_PAIS,NOM_NACIONALIDAD,NUM_PAIS) values ('21','Guernsey','Guernsey','21');Insert into PAIS (COD_PAIS,NOM_PAIS,NOM_NACIONALIDAD,NUM_PAIS) values ('421','Eslovaquia','Eslovaco','421');Insert into PAIS (COD_PAIS,NOM_PAIS,NOM_NACIONALIDAD,NUM_PAIS) values ('386','Eslovenia','Esloveno','421');Insert into PAIS (COD_PAIS,NOM_PAIS,NOM_NACIONALIDAD,NUM_PAIS) values ('370','Lituania','Lituano','421');Insert into PAIS (COD_PAIS,NOM_PAIS,NOM_NACIONALIDAD,NUM_PAIS) values ('1880','Republica Checa','Checa','420');Insert into PAIS (COD_PAIS,NOM_PAIS,NOM_NACIONALIDAD,NUM_PAIS) values ('375','Bielorrusia','Bielorrusia','66');Insert into PAIS (COD_PAIS,NOM_PAIS,NOM_NACIONALIDAD,NUM_PAIS) values ('66','Tailandia','Tailandés ','66');Insert into PAIS (COD_PAIS,NOM_PAIS,NOM_NACIONALIDAD,NUM_PAIS) values ('354','Islandia','Islandés','354');Insert into PAIS (COD_PAIS,NOM_PAIS,NOM_NACIONALIDAD,NUM_PAIS) values ('966','Arabia Saudita','Arabia Saudita','966');Insert into PAIS (COD_PAIS,NOM_PAIS,NOM_NACIONALIDAD,NUM_PAIS) values ('372','Estonia','Estonia','372');Insert into PAIS (COD_PAIS,NOM_PAIS,NOM_NACIONALIDAD,NUM_PAIS) values ('60','Malasia','Malasia','60');Insert into PAIS (COD_PAIS,NOM_PAIS,NOM_NACIONALIDAD,NUM_PAIS) values ('1879','Nepal','Nepalés','977');Insert into PAIS (COD_PAIS,NOM_PAIS,NOM_NACIONALIDAD,NUM_PAIS) values ('1881','Siria','Sirio','963');Insert into PAIS (COD_PAIS,NOM_PAIS,NOM_NACIONALIDAD,NUM_PAIS) values ('99','Angola','Angoleño','99');Insert into PAIS (COD_PAIS,NOM_PAIS,NOM_NACIONALIDAD,NUM_PAIS) values ('1878','Bangladesh','Bangladesí','880');Insert into PAIS (COD_PAIS,NOM_PAIS,NOM_NACIONALIDAD,NUM_PAIS) values ('1877','Serbia','Serbio','1877');Insert into PAIS (COD_PAIS,NOM_PAIS,NOM_NACIONALIDAD,NUM_PAIS) values ('1882','Taiwán','Taiwanesa','886');Insert into CARRERA_IMPARTE (COD_SEDE_CARRERA,COD_CARRERA,COD_SEDE_IMPARTE,COD_MENCION,SED_COD_SEDE) values ('1','3','1','0','1');Insert into CARRERA_IMPARTE (COD_SEDE_CARRERA,COD_CARRERA,COD_SEDE_IMPARTE,COD_MENCION,SED_COD_SEDE) values ('1','4','1','0','1');Insert into CARRERA_IMPARTE (COD_SEDE_CARRERA,COD_CARRERA,COD_SEDE_IMPARTE,COD_MENCION,SED_COD_SEDE) values ('1','5','1','0','1');Insert into CARRERA_IMPARTE (COD_SEDE_CARRERA,COD_CARRERA,COD_SEDE_IMPARTE,COD_MENCION,SED_COD_SEDE) values ('1','6','1','0','1');Insert into CARRERA_IMPARTE (COD_SEDE_CARRERA,COD_CARRERA,COD_SEDE_IMPARTE,COD_MENCION,SED_COD_SEDE) values ('1','10','1','0','1');Insert into CARRERA_IMPARTE (COD_SEDE_CARRERA,COD_CARRERA,COD_SEDE_IMPARTE,COD_MENCION,SED_COD_SEDE) values ('1','10','1','200','1');Insert into CARRERA_IMPARTE (COD_SEDE_CARRERA,COD_CARRERA,COD_SEDE_IMPARTE,COD_MENCION,SED_COD_SEDE) values ('1','10','1','300','1');Insert into CARRERA_IMPARTE (COD_SEDE_CARRERA,COD_CARRERA,COD_SEDE_IMPARTE,COD_MENCION,SED_COD_SEDE) values ('1','10','1','400','1');Insert into CARRERA_IMPARTE (COD_SEDE_CARRERA,COD_CARRERA,COD_SEDE_IMPARTE,COD_MENCION,SED_COD_SEDE) values ('1','10','1','500','1');Insert into CARRERA_IMPARTE (COD_SEDE_CARRERA,COD_CARRERA,COD_SEDE_IMPARTE,COD_MENCION,SED_COD_SEDE) values ('1','11','1','0','1');Insert into CARRERA_IMPARTE (COD_SEDE_CARRERA,COD_CARRERA,COD_SEDE_IMPARTE,COD_MENCION,SED_COD_SEDE) values ('1','12','1','0','1');Insert into CARRERA_IMPARTE (COD_SEDE_CARRERA,COD_CARRERA,COD_SEDE_IMPARTE,COD_MENCION,SED_COD_SEDE) values ('1','13','1','0','1');Insert into CARRERA_IMPARTE (COD_SEDE_CARRERA,COD_CARRERA,COD_SEDE_IMPARTE,COD_MENCION,SED_COD_SEDE) values ('1','21','1','0','1');Insert into CARRERA_IMPARTE (COD_SEDE_CARRERA,COD_CARRERA,COD_SEDE_IMPARTE,COD_MENCION,SED_COD_SEDE) values ('1','21','1','100','1');Insert into CARRERA_IMPARTE (COD_SEDE_CARRERA,COD_CARRERA,COD_SEDE_IMPARTE,COD_MENCION,SED_COD_SEDE) values ('1','21','1','200','1');Insert into CARRERA_IMPARTE (COD_SEDE_CARRERA,COD_CARRERA,COD_SEDE_IMPARTE,COD_MENCION,SED_COD_SEDE) values ('1','21','1','300','1');Insert into CARRERA_IMPARTE (COD_SEDE_CARRERA,COD_CARRERA,COD_SEDE_IMPARTE,COD_MENCION,SED_COD_SEDE) values ('1','21','1','400','1');Insert into CARRERA_IMPARTE (COD_SEDE_CARRERA,COD_CARRERA,COD_SEDE_IMPARTE,COD_MENCION,SED_COD_SEDE) values ('1','22','1','0','1');Insert into CARRERA_IMPARTE (COD_SEDE_CARRERA,COD_CARRERA,COD_SEDE_IMPARTE,COD_MENCION,SED_COD_SEDE) values ('1','22','1','100','1');Insert into CARRERA_IMPARTE (COD_SEDE_CARRERA,COD_CARRERA,COD_SEDE_IMPARTE,COD_MENCION,SED_COD_SEDE) values ('1','22','1','200','1');Insert into CARRERA_IMPARTE (COD_SEDE_CARRERA,COD_CARRERA,COD_SEDE_IMPARTE,COD_MENCION,SED_COD_SEDE) values ('1','22','1','300','1');Insert into CARRERA_IMPARTE (COD_SEDE_CARRERA,COD_CARRERA,COD_SEDE_IMPARTE,COD_MENCION,SED_COD_SEDE) values ('1','22','1','400','1');Insert into CARRERA_IMPARTE (COD_SEDE_CARRERA,COD_CARRERA,COD_SEDE_IMPARTE,COD_MENCION,SED_COD_SEDE) values ('1','23','1','0','1');Insert into CARRERA_IMPARTE (COD_SEDE_CARRERA,COD_CARRERA,COD_SEDE_IMPARTE,COD_MENCION,SED_COD_SEDE) values ('1','23','1','300','1');Insert into CARRERA_IMPARTE (COD_SEDE_CARRERA,COD_CARRERA,COD_SEDE_IMPARTE,COD_MENCION,SED_COD_SEDE) values ('1','24','1','0','1');Insert into CARRERA_IMPARTE (COD_SEDE_CARRERA,COD_CARRERA,COD_SEDE_IMPARTE,COD_MENCION,SED_COD_SEDE) values ('1','25','1','0','1');Insert into CARRERA_IMPARTE (COD_SEDE_CARRERA,COD_CARRERA,COD_SEDE_IMPARTE,COD_MENCION,SED_COD_SEDE) values ('1','25','1','100','1');Insert into CARRERA_IMPARTE (COD_SEDE_CARRERA,COD_CARRERA,COD_SEDE_IMPARTE,COD_MENCION,SED_COD_SEDE) values ('1','27','1','0','1');Insert into CARRERA_IMPARTE (COD_SEDE_CARRERA,COD_CARRERA,COD_SEDE_IMPARTE,COD_MENCION,SED_COD_SEDE) values ('1','30','1','0','1');Insert into CARRERA_IMPARTE (COD_SEDE_CARRERA,COD_CARRERA,COD_SEDE_IMPARTE,COD_MENCION,SED_COD_SEDE) values ('1','40','1','0','1');Insert into CARRERA_IMPARTE (COD_SEDE_CARRERA,COD_CARRERA,COD_SEDE_IMPARTE,COD_MENCION,SED_COD_SEDE) values ('1','41','1','0','1');Insert into CARRERA_IMPARTE (COD_SEDE_CARRERA,COD_CARRERA,COD_SEDE_IMPARTE,COD_MENCION,SED_COD_SEDE) values ('1','41','1','100','1');Insert into CARRERA_IMPARTE (COD_SEDE_CARRERA,COD_CARRERA,COD_SEDE_IMPARTE,COD_MENCION,SED_COD_SEDE) values ('1','41','1','200','1');Insert into CARRERA_IMPARTE (COD_SEDE_CARRERA,COD_CARRERA,COD_SEDE_IMPARTE,COD_MENCION,SED_COD_SEDE) values ('1','42','1','0','1');Insert into CARRERA_IMPARTE (COD_SEDE_CARRERA,COD_CARRERA,COD_SEDE_IMPARTE,COD_MENCION,SED_COD_SEDE) values ('1','43','1','0','1');Insert into CARRERA_IMPARTE (COD_SEDE_CARRERA,COD_CARRERA,COD_SEDE_IMPARTE,COD_MENCION,SED_COD_SEDE) values ('1','44','1','0','1');Insert into CARRERA_IMPARTE (COD_SEDE_CARRERA,COD_CARRERA,COD_SEDE_IMPARTE,COD_MENCION,SED_COD_SEDE) values ('1','47','1','0','1');Insert into CARRERA_IMPARTE (COD_SEDE_CARRERA,COD_CARRERA,COD_SEDE_IMPARTE,COD_MENCION,SED_COD_SEDE) values ('1','48','1','0','1');Insert into CARRERA_IMPARTE (COD_SEDE_CARRERA,COD_CARRERA,COD_SEDE_IMPARTE,COD_MENCION,SED_COD_SEDE) values ('1','50','1','0','1');Insert into CARRERA_IMPARTE (COD_SEDE_CARRERA,COD_CARRERA,COD_SEDE_IMPARTE,COD_MENCION,SED_COD_SEDE) values ('1','50','1','100','1');Insert into CARRERA_IMPARTE (COD_SEDE_CARRERA,COD_CARRERA,COD_SEDE_IMPARTE,COD_MENCION,SED_COD_SEDE) values ('1','50','1','200','1');Insert into CARRERA_IMPARTE (COD_SEDE_CARRERA,COD_CARRERA,COD_SEDE_IMPARTE,COD_MENCION,SED_COD_SEDE) values ('1','51','1','0','1');Insert into CARRERA_IMPARTE (COD_SEDE_CARRERA,COD_CARRERA,COD_SEDE_IMPARTE,COD_MENCION,SED_COD_SEDE) values ('1','54','1','0','1');Insert into CARRERA_IMPARTE (COD_SEDE_CARRERA,COD_CARRERA,COD_SEDE_IMPARTE,COD_MENCION,SED_COD_SEDE) values ('1','55','1','0','1');Insert into CARRERA_IMPARTE (COD_SEDE_CARRERA,COD_CARRERA,COD_SEDE_IMPARTE,COD_MENCION,SED_COD_SEDE) values ('1','58','1','0','1');Insert into CARRERA_IMPARTE (COD_SEDE_CARRERA,COD_CARRERA,COD_SEDE_IMPARTE,COD_MENCION,SED_COD_SEDE) values ('1','60','1','0','1');Insert into CARRERA_IMPARTE (COD_SEDE_CARRERA,COD_CARRERA,COD_SEDE_IMPARTE,COD_MENCION,SED_COD_SEDE) values ('1','60','1','100','1');Insert into CARRERA_IMPARTE (COD_SEDE_CARRERA,COD_CARRERA,COD_SEDE_IMPARTE,COD_MENCION,SED_COD_SEDE) values ('1','60','1','200','1');Insert into CARRERA_IMPARTE (COD_SEDE_CARRERA,COD_CARRERA,COD_SEDE_IMPARTE,COD_MENCION,SED_COD_SEDE) values ('1','60','1','300','1');Insert into CARRERA_IMPARTE (COD_SEDE_CARRERA,COD_CARRERA,COD_SEDE_IMPARTE,COD_MENCION,SED_COD_SEDE) values ('1','60','1','400','1');Insert into CARRERA_IMPARTE (COD_SEDE_CARRERA,COD_CARRERA,COD_SEDE_IMPARTE,COD_MENCION,SED_COD_SEDE) values ('1','60','1','500','1');Insert into CARRERA_IMPARTE (COD_SEDE_CARRERA,COD_CARRERA,COD_SEDE_IMPARTE,COD_MENCION,SED_COD_SEDE) values ('1','60','1','600','1');Insert into CARRERA_IMPARTE (COD_SEDE_CARRERA,COD_CARRERA,COD_SEDE_IMPARTE,COD_MENCION,SED_COD_SEDE) values ('1','60','1','700','1');Insert into CARRERA_IMPARTE (COD_SEDE_CARRERA,COD_CARRERA,COD_SEDE_IMPARTE,COD_MENCION,SED_COD_SEDE) values ('1','60','1','900','1');Insert into CARRERA_IMPARTE (COD_SEDE_CARRERA,COD_CARRERA,COD_SEDE_IMPARTE,COD_MENCION,SED_COD_SEDE) values ('1','66','1','0','1');Insert into CARRERA_IMPARTE (COD_SEDE_CARRERA,COD_CARRERA,COD_SEDE_IMPARTE,COD_MENCION,SED_COD_SEDE) values ('1','71','1','0','1');Insert into CARRERA_IMPARTE (COD_SEDE_CARRERA,COD_CARRERA,COD_SEDE_IMPARTE,COD_MENCION,SED_COD_SEDE) values ('1','72','1','0','1');Insert into CARRERA_IMPARTE (COD_SEDE_CARRERA,COD_CARRERA,COD_SEDE_IMPARTE,COD_MENCION,SED_COD_SEDE) values ('1','72','1','100','1');Insert into CARRERA_IMPARTE (COD_SEDE_CARRERA,COD_CARRERA,COD_SEDE_IMPARTE,COD_MENCION,SED_COD_SEDE) values ('1','73','1','0','1');Insert into CARRERA_IMPARTE (COD_SEDE_CARRERA,COD_CARRERA,COD_SEDE_IMPARTE,COD_MENCION,SED_COD_SEDE) values ('1','73','1','100','1');Insert into CARRERA_IMPARTE (COD_SEDE_CARRERA,COD_CARRERA,COD_SEDE_IMPARTE,COD_MENCION,SED_COD_SEDE) values ('1','73','1','200','1');Insert into CARRERA_IMPARTE (COD_SEDE_CARRERA,COD_CARRERA,COD_SEDE_IMPARTE,COD_MENCION,SED_COD_SEDE) values ('1','73','1','300','1');Insert into CARRERA_IMPARTE (COD_SEDE_CARRERA,COD_CARRERA,COD_SEDE_IMPARTE,COD_MENCION,SED_COD_SEDE) values ('1','73','1','400','1');Insert into CARRERA_IMPARTE (COD_SEDE_CARRERA,COD_CARRERA,COD_SEDE_IMPARTE,COD_MENCION,SED_COD_SEDE) values ('1','73','1','500','1');Insert into CARRERA_IMPARTE (COD_SEDE_CARRERA,COD_CARRERA,COD_SEDE_IMPARTE,COD_MENCION,SED_COD_SEDE) values ('1','73','1','600','1');Insert into CARRERA_IMPARTE (COD_SEDE_CARRERA,COD_CARRERA,COD_SEDE_IMPARTE,COD_MENCION,SED_COD_SEDE) values ('1','74','1','0','1');Insert into CARRERA_IMPARTE (COD_SEDE_CARRERA,COD_CARRERA,COD_SEDE_IMPARTE,COD_MENCION,SED_COD_SEDE) values ('1','75','1','0','1');Insert into CARRERA_IMPARTE (COD_SEDE_CARRERA,COD_CARRERA,COD_SEDE_IMPARTE,COD_MENCION,SED_COD_SEDE) values ('1','80','1','0','1');Insert into CARRERA_IMPARTE (COD_SEDE_CARRERA,COD_CARRERA,COD_SEDE_IMPARTE,COD_MENCION,SED_COD_SEDE) values ('1','80','1','100','1');Insert into CARRERA_IMPARTE (COD_SEDE_CARRERA,COD_CARRERA,COD_SEDE_IMPARTE,COD_MENCION,SED_COD_SEDE) values ('1','82','1','0','1');Insert into CARRERA_IMPARTE (COD_SEDE_CARRERA,COD_CARRERA,COD_SEDE_IMPARTE,COD_MENCION,SED_COD_SEDE) values ('1','83','1','0','1');Insert into CARRERA_IMPARTE (COD_SEDE_CARRERA,COD_CARRERA,COD_SEDE_IMPARTE,COD_MENCION,SED_COD_SEDE) values ('1','84','1','0','1');Insert into CARRERA_IMPARTE (COD_SEDE_CARRERA,COD_CARRERA,COD_SEDE_IMPARTE,COD_MENCION,SED_COD_SEDE) values ('1','85','1','0','1');Insert into CARRERA_IMPARTE (COD_SEDE_CARRERA,COD_CARRERA,COD_SEDE_IMPARTE,COD_MENCION,SED_COD_SEDE) values ('1','86','1','0','1');Insert into CARRERA_IMPARTE (COD_SEDE_CARRERA,COD_CARRERA,COD_SEDE_IMPARTE,COD_MENCION,SED_COD_SEDE) values ('1','88','1','0','1');Insert into CARRERA_IMPARTE (COD_SEDE_CARRERA,COD_CARRERA,COD_SEDE_IMPARTE,COD_MENCION,SED_COD_SEDE) values ('1','89','1','0','1');Insert into CARRERA_IMPARTE (COD_SEDE_CARRERA,COD_CARRERA,COD_SEDE_IMPARTE,COD_MENCION,SED_COD_SEDE) values ('1','90','1','0','1');Insert into CARRERA_IMPARTE (COD_SEDE_CARRERA,COD_CARRERA,COD_SEDE_IMPARTE,COD_MENCION,SED_COD_SEDE) values ('1','99','1','0','1');Insert into CARRERA_IMPARTE (COD_SEDE_CARRERA,COD_CARRERA,COD_SEDE_IMPARTE,COD_MENCION,SED_COD_SEDE) values ('1','100','1','0','1');Insert into CARRERA_IMPARTE (COD_SEDE_CARRERA,COD_CARRERA,COD_SEDE_IMPARTE,COD_MENCION,SED_COD_SEDE) values ('1','110','1','0','1');Insert into CARRERA_IMPARTE (COD_SEDE_CARRERA,COD_CARRERA,COD_SEDE_IMPARTE,COD_MENCION,SED_COD_SEDE) values ('1','120','1','0','1');Insert into CARRERA_IMPARTE (COD_SEDE_CARRERA,COD_CARRERA,COD_SEDE_IMPARTE,COD_MENCION,SED_COD_SEDE) values ('1','130','1','0','1');Insert into CARRERA_IMPARTE (COD_SEDE_CARRERA,COD_CARRERA,COD_SEDE_IMPARTE,COD_MENCION,SED_COD_SEDE) values ('1','160','1','0','1');Insert into CARRERA_IMPARTE (COD_SEDE_CARRERA,COD_CARRERA,COD_SEDE_IMPARTE,COD_MENCION,SED_COD_SEDE) values ('1','180','1','0','1');Insert into CARRERA_IMPARTE (COD_SEDE_CARRERA,COD_CARRERA,COD_SEDE_IMPARTE,COD_MENCION,SED_COD_SEDE) values ('1','270','1','0','1');Insert into CARRERA_IMPARTE (COD_SEDE_CARRERA,COD_CARRERA,COD_SEDE_IMPARTE,COD_MENCION,SED_COD_SEDE) values ('1','270','1','1','1');Insert into CARRERA_IMPARTE (COD_SEDE_CARRERA,COD_CARRERA,COD_SEDE_IMPARTE,COD_MENCION,SED_COD_SEDE) values ('1','280','1','0','1');Insert into CARRERA_IMPARTE (COD_SEDE_CARRERA,COD_CARRERA,COD_SEDE_IMPARTE,COD_MENCION,SED_COD_SEDE) values ('1','280','1','100','1');Insert into CARRERA_IMPARTE (COD_SEDE_CARRERA,COD_CARRERA,COD_SEDE_IMPARTE,COD_MENCION,SED_COD_SEDE) values ('1','280','1','200','1');Insert into CARRERA_IMPARTE (COD_SEDE_CARRERA,COD_CARRERA,COD_SEDE_IMPARTE,COD_MENCION,SED_COD_SEDE) values ('1','280','1','300','1');Insert into CARRERA_IMPARTE (COD_SEDE_CARRERA,COD_CARRERA,COD_SEDE_IMPARTE,COD_MENCION,SED_COD_SEDE) values ('1','370','1','0','1');Insert into CARRERA_IMPARTE (COD_SEDE_CARRERA,COD_CARRERA,COD_SEDE_IMPARTE,COD_MENCION,SED_COD_SEDE) values ('1','380','1','0','1');Insert into CARRERA_IMPARTE (COD_SEDE_CARRERA,COD_CARRERA,COD_SEDE_IMPARTE,COD_MENCION,SED_COD_SEDE) values ('1','380','1','100','1');Insert into CARRERA_IMPARTE (COD_SEDE_CARRERA,COD_CARRERA,COD_SEDE_IMPARTE,COD_MENCION,SED_COD_SEDE) values ('1','380','1','200','1');Insert into CARRERA_IMPARTE (COD_SEDE_CARRERA,COD_CARRERA,COD_SEDE_IMPARTE,COD_MENCION,SED_COD_SEDE) values ('1','383','1','0','1');Insert into CARRERA_IMPARTE (COD_SEDE_CARRERA,COD_CARRERA,COD_SEDE_IMPARTE,COD_MENCION,SED_COD_SEDE) values ('1','383','1','100','1');Insert into CARRERA_IMPARTE (COD_SEDE_CARRERA,COD_CARRERA,COD_SEDE_IMPARTE,COD_MENCION,SED_COD_SEDE) values ('1','383','1','200','1');Insert into CARRERA_IMPARTE (COD_SEDE_CARRERA,COD_CARRERA,COD_SEDE_IMPARTE,COD_MENCION,SED_COD_SEDE) values ('1','390','1','0','1');Insert into CARRERA_IMPARTE (COD_SEDE_CARRERA,COD_CARRERA,COD_SEDE_IMPARTE,COD_MENCION,SED_COD_SEDE) values ('1','390','1','100','1');Insert into CARRERA_IMPARTE (COD_SEDE_CARRERA,COD_CARRERA,COD_SEDE_IMPARTE,COD_MENCION,SED_COD_SEDE) values ('1','390','1','200','1');Insert into CARRERA_IMPARTE (COD_SEDE_CARRERA,COD_CARRERA,COD_SEDE_IMPARTE,COD_MENCION,SED_COD_SEDE) values ('1','390','1','300','1');Insert into CARRERA_IMPARTE (COD_SEDE_CARRERA,COD_CARRERA,COD_SEDE_IMPARTE,COD_MENCION,SED_COD_SEDE) values ('1','480','1','0','1');Insert into CARRERA_IMPARTE (COD_SEDE_CARRERA,COD_CARRERA,COD_SEDE_IMPARTE,COD_MENCION,SED_COD_SEDE) values ('1','480','1','100','1');Insert into CARRERA_IMPARTE (COD_SEDE_CARRERA,COD_CARRERA,COD_SEDE_IMPARTE,COD_MENCION,SED_COD_SEDE) values ('1','480','1','200','1');Insert into CARRERA_IMPARTE (COD_SEDE_CARRERA,COD_CARRERA,COD_SEDE_IMPARTE,COD_MENCION,SED_COD_SEDE) values ('1','480','1','300','1');Insert into CARRERA_IMPARTE (COD_SEDE_CARRERA,COD_CARRERA,COD_SEDE_IMPARTE,COD_MENCION,SED_COD_SEDE) values ('1','480','1','400','1');Insert into CARRERA_IMPARTE (COD_SEDE_CARRERA,COD_CARRERA,COD_SEDE_IMPARTE,COD_MENCION,SED_COD_SEDE) values ('1','490','1','0','1');Insert into CARRERA_IMPARTE (COD_SEDE_CARRERA,COD_CARRERA,COD_SEDE_IMPARTE,COD_MENCION,SED_COD_SEDE) values ('1','490','1','100','1');Insert into CARRERA_IMPARTE (COD_SEDE_CARRERA,COD_CARRERA,COD_SEDE_IMPARTE,COD_MENCION,SED_COD_SEDE) values ('1','490','1','200','1');Insert into CARRERA_IMPARTE (COD_SEDE_CARRERA,COD_CARRERA,COD_SEDE_IMPARTE,COD_MENCION,SED_COD_SEDE) values ('1','580','1','0','1');Insert into CARRERA_IMPARTE (COD_SEDE_CARRERA,COD_CARRERA,COD_SEDE_IMPARTE,COD_MENCION,SED_COD_SEDE) values ('1','580','1','100','1');Insert into CARRERA_IMPARTE (COD_SEDE_CARRERA,COD_CARRERA,COD_SEDE_IMPARTE,COD_MENCION,SED_COD_SEDE) values ('1','580','1','200','1');Insert into CARRERA_IMPARTE (COD_SEDE_CARRERA,COD_CARRERA,COD_SEDE_IMPARTE,COD_MENCION,SED_COD_SEDE) values ('1','580','1','300','1');Insert into CARRERA_IMPARTE (COD_SEDE_CARRERA,COD_CARRERA,COD_SEDE_IMPARTE,COD_MENCION,SED_COD_SEDE) values ('1','580','1','400','1');Insert into CARRERA_IMPARTE (COD_SEDE_CARRERA,COD_CARRERA,COD_SEDE_IMPARTE,COD_MENCION,SED_COD_SEDE) values ('1','580','1','500','1');Insert into CARRERA_IMPARTE (COD_SEDE_CARRERA,COD_CARRERA,COD_SEDE_IMPARTE,COD_MENCION,SED_COD_SEDE) values ('1','580','1','600','1');Insert into CARRERA_IMPARTE (COD_SEDE_CARRERA,COD_CARRERA,COD_SEDE_IMPARTE,COD_MENCION,SED_COD_SEDE) values ('1','580','1','700','1');Insert into CARRERA_IMPARTE (COD_SEDE_CARRERA,COD_CARRERA,COD_SEDE_IMPARTE,COD_MENCION,SED_COD_SEDE) values ('1','680','1','0','1');Insert into CARRERA_IMPARTE (COD_SEDE_CARRERA,COD_CARRERA,COD_SEDE_IMPARTE,COD_MENCION,SED_COD_SEDE) values ('1','680','1','100','1');Insert into CARRERA_IMPARTE (COD_SEDE_CARRERA,COD_CARRERA,COD_SEDE_IMPARTE,COD_MENCION,SED_COD_SEDE) values ('1','680','1','200','1');Insert into CARRERA_IMPARTE (COD_SEDE_CARRERA,COD_CARRERA,COD_SEDE_IMPARTE,COD_MENCION,SED_COD_SEDE) values ('1','680','1','300','1');Insert into CARRERA_IMPARTE (COD_SEDE_CARRERA,COD_CARRERA,COD_SEDE_IMPARTE,COD_MENCION,SED_COD_SEDE) values ('1','680','1','400','1');Insert into CARRERA_IMPARTE (COD_SEDE_CARRERA,COD_CARRERA,COD_SEDE_IMPARTE,COD_MENCION,SED_COD_SEDE) values ('1','690','1','0','1');Insert into CARRERA_IMPARTE (COD_SEDE_CARRERA,COD_CARRERA,COD_SEDE_IMPARTE,COD_MENCION,SED_COD_SEDE) values ('1','690','1','100','1');Insert into CARRERA_IMPARTE (COD_SEDE_CARRERA,COD_CARRERA,COD_SEDE_IMPARTE,COD_MENCION,SED_COD_SEDE) values ('1','690','1','200','1');Insert into CARRERA_IMPARTE (COD_SEDE_CARRERA,COD_CARRERA,COD_SEDE_IMPARTE,COD_MENCION,SED_COD_SEDE) values ('1','780','1','0','1');Insert into CARRERA_IMPARTE (COD_SEDE_CARRERA,COD_CARRERA,COD_SEDE_IMPARTE,COD_MENCION,SED_COD_SEDE) values ('1','780','1','100','1');Insert into CARRERA_IMPARTE (COD_SEDE_CARRERA,COD_CARRERA,COD_SEDE_IMPARTE,COD_MENCION,SED_COD_SEDE) values ('1','820','1','0','1');Insert into CARRERA_IMPARTE (COD_SEDE_CARRERA,COD_CARRERA,COD_SEDE_IMPARTE,COD_MENCION,SED_COD_SEDE) values ('1','820','1','100','1');Insert into CARRERA_IMPARTE (COD_SEDE_CARRERA,COD_CARRERA,COD_SEDE_IMPARTE,COD_MENCION,SED_COD_SEDE) values ('1','820','1','200','1');Insert into CARRERA_IMPARTE (COD_SEDE_CARRERA,COD_CARRERA,COD_SEDE_IMPARTE,COD_MENCION,SED_COD_SEDE) values ('1','821','1','0','1');Insert into CARRERA_IMPARTE (COD_SEDE_CARRERA,COD_CARRERA,COD_SEDE_IMPARTE,COD_MENCION,SED_COD_SEDE) values ('1','821','1','100','1');Insert into CARRERA_IMPARTE (COD_SEDE_CARRERA,COD_CARRERA,COD_SEDE_IMPARTE,COD_MENCION,SED_COD_SEDE) values ('1','821','1','200','1');Insert into CARRERA_IMPARTE (COD_SEDE_CARRERA,COD_CARRERA,COD_SEDE_IMPARTE,COD_MENCION,SED_COD_SEDE) values ('1','822','1','0','1');Insert into CARRERA_IMPARTE (COD_SEDE_CARRERA,COD_CARRERA,COD_SEDE_IMPARTE,COD_MENCION,SED_COD_SEDE) values ('1','822','1','100','1');Insert into CARRERA_IMPARTE (COD_SEDE_CARRERA,COD_CARRERA,COD_SEDE_IMPARTE,COD_MENCION,SED_COD_SEDE) values ('1','822','1','200','1');Insert into CARRERA_IMPARTE (COD_SEDE_CARRERA,COD_CARRERA,COD_SEDE_IMPARTE,COD_MENCION,SED_COD_SEDE) values ('1','822','1','300','1');Insert into CARRERA_IMPARTE (COD_SEDE_CARRERA,COD_CARRERA,COD_SEDE_IMPARTE,COD_MENCION,SED_COD_SEDE) values ('1','830','1','0','1');Insert into CARRERA_IMPARTE (COD_SEDE_CARRERA,COD_CARRERA,COD_SEDE_IMPARTE,COD_MENCION,SED_COD_SEDE) values ('1','830','1','100','1');Insert into CARRERA_IMPARTE (COD_SEDE_CARRERA,COD_CARRERA,COD_SEDE_IMPARTE,COD_MENCION,SED_COD_SEDE) values ('1','830','1','200','1');Insert into CARRERA_IMPARTE (COD_SEDE_CARRERA,COD_CARRERA,COD_SEDE_IMPARTE,COD_MENCION,SED_COD_SEDE) values ('1','830','1','400','1');Insert into CARRERA_IMPARTE (COD_SEDE_CARRERA,COD_CARRERA,COD_SEDE_IMPARTE,COD_MENCION,SED_COD_SEDE) values ('1','831','1','0','1');Insert into CARRERA_IMPARTE (COD_SEDE_CARRERA,COD_CARRERA,COD_SEDE_IMPARTE,COD_MENCION,SED_COD_SEDE) values ('1','831','1','100','1');Insert into CARRERA_IMPARTE (COD_SEDE_CARRERA,COD_CARRERA,COD_SEDE_IMPARTE,COD_MENCION,SED_COD_SEDE) values ('1','831','1','200','1');Insert into CARRERA_IMPARTE (COD_SEDE_CARRERA,COD_CARRERA,COD_SEDE_IMPARTE,COD_MENCION,SED_COD_SEDE) values ('1','900','1','0','1');Insert into CARRERA_IMPARTE (COD_SEDE_CARRERA,COD_CARRERA,COD_SEDE_IMPARTE,COD_MENCION,SED_COD_SEDE) values ('1','900','1','100','1');Insert into CARRERA_IMPARTE (COD_SEDE_CARRERA,COD_CARRERA,COD_SEDE_IMPARTE,COD_MENCION,SED_COD_SEDE) values ('1','900','1','200','1');Insert into CARRERA_IMPARTE (COD_SEDE_CARRERA,COD_CARRERA,COD_SEDE_IMPARTE,COD_MENCION,SED_COD_SEDE) values ('1','920','1','0','1');Insert into CARRERA_IMPARTE (COD_SEDE_CARRERA,COD_CARRERA,COD_SEDE_IMPARTE,COD_MENCION,SED_COD_SEDE) values ('1','4','2','0','7');Insert into CARRERA_IMPARTE (COD_SEDE_CARRERA,COD_CARRERA,COD_SEDE_IMPARTE,COD_MENCION,SED_COD_SEDE) values ('1','11','2','0','7');Insert into CARRERA_IMPARTE (COD_SEDE_CARRERA,COD_CARRERA,COD_SEDE_IMPARTE,COD_MENCION,SED_COD_SEDE) values ('1','23','2','0','7');Insert into CARRERA_IMPARTE (COD_SEDE_CARRERA,COD_CARRERA,COD_SEDE_IMPARTE,COD_MENCION,SED_COD_SEDE) values ('1','25','2','100','2');Insert into CARRERA_IMPARTE (COD_SEDE_CARRERA,COD_CARRERA,COD_SEDE_IMPARTE,COD_MENCION,SED_COD_SEDE) values ('1','40','2','0','7');Insert into CARRERA_IMPARTE (COD_SEDE_CARRERA,COD_CARRERA,COD_SEDE_IMPARTE,COD_MENCION,SED_COD_SEDE) values ('1','41','2','0','7');Insert into CARRERA_IMPARTE (COD_SEDE_CARRERA,COD_CARRERA,COD_SEDE_IMPARTE,COD_MENCION,SED_COD_SEDE) values ('1','41','2','100','7');Insert into CARRERA_IMPARTE (COD_SEDE_CARRERA,COD_CARRERA,COD_SEDE_IMPARTE,COD_MENCION,SED_COD_SEDE) values ('1','41','2','200','7');Insert into CARRERA_IMPARTE (COD_SEDE_CARRERA,COD_CARRERA,COD_SEDE_IMPARTE,COD_MENCION,SED_COD_SEDE) values ('1','49','2','0','2');Insert into CARRERA_IMPARTE (COD_SEDE_CARRERA,COD_CARRERA,COD_SEDE_IMPARTE,COD_MENCION,SED_COD_SEDE) values ('1','51','2','0','7');Insert into CARRERA_IMPARTE (COD_SEDE_CARRERA,COD_CARRERA,COD_SEDE_IMPARTE,COD_MENCION,SED_COD_SEDE) values ('1','56','2','0','7');Insert into CARRERA_IMPARTE (COD_SEDE_CARRERA,COD_CARRERA,COD_SEDE_IMPARTE,COD_MENCION,SED_COD_SEDE) values ('1','58','2','0','2');Insert into CARRERA_IMPARTE (COD_SEDE_CARRERA,COD_CARRERA,COD_SEDE_IMPARTE,COD_MENCION,SED_COD_SEDE) values ('1','59','2','0','2');Insert into CARRERA_IMPARTE (COD_SEDE_CARRERA,COD_CARRERA,COD_SEDE_IMPARTE,COD_MENCION,SED_COD_SEDE) values ('1','60','2','0','2');Insert into CARRERA_IMPARTE (COD_SEDE_CARRERA,COD_CARRERA,COD_SEDE_IMPARTE,COD_MENCION,SED_COD_SEDE) values ('1','60','2','500','2');Insert into CARRERA_IMPARTE (COD_SEDE_CARRERA,COD_CARRERA,COD_SEDE_IMPARTE,COD_MENCION,SED_COD_SEDE) values ('1','60','2','600','2');Insert into CARRERA_IMPARTE (COD_SEDE_CARRERA,COD_CARRERA,COD_SEDE_IMPARTE,COD_MENCION,SED_COD_SEDE) values ('1','60','2','700','2');Insert into CARRERA_IMPARTE (COD_SEDE_CARRERA,COD_CARRERA,COD_SEDE_IMPARTE,COD_MENCION,SED_COD_SEDE) values ('1','60','2','800','2');Insert into CARRERA_IMPARTE (COD_SEDE_CARRERA,COD_CARRERA,COD_SEDE_IMPARTE,COD_MENCION,SED_COD_SEDE) values ('1','60','2','900','2');Insert into CARRERA_IMPARTE (COD_SEDE_CARRERA,COD_CARRERA,COD_SEDE_IMPARTE,COD_MENCION,SED_COD_SEDE) values ('1','66','2','0','2');Insert into CARRERA_IMPARTE (COD_SEDE_CARRERA,COD_CARRERA,COD_SEDE_IMPARTE,COD_MENCION,SED_COD_SEDE) values ('1','69','2','0','2');Insert into CARRERA_IMPARTE (COD_SEDE_CARRERA,COD_CARRERA,COD_SEDE_IMPARTE,COD_MENCION,SED_COD_SEDE) values ('1','72','2','0','7');Insert into CARRERA_IMPARTE (COD_SEDE_CARRERA,COD_CARRERA,COD_SEDE_IMPARTE,COD_MENCION,SED_COD_SEDE) values ('1','72','2','100','7');Insert into CARRERA_IMPARTE (COD_SEDE_CARRERA,COD_CARRERA,COD_SEDE_IMPARTE,COD_MENCION,SED_COD_SEDE) values ('1','73','2','0','7');Insert into CARRERA_IMPARTE (COD_SEDE_CARRERA,COD_CARRERA,COD_SEDE_IMPARTE,COD_MENCION,SED_COD_SEDE) values ('1','74','2','0','7');Insert into CARRERA_IMPARTE (COD_SEDE_CARRERA,COD_CARRERA,COD_SEDE_IMPARTE,COD_MENCION,SED_COD_SEDE) values ('1','90','2','0','2');Insert into CARRERA_IMPARTE (COD_SEDE_CARRERA,COD_CARRERA,COD_SEDE_IMPARTE,COD_MENCION,SED_COD_SEDE) values ('1','99','2','0','2');Insert into CARRERA_IMPARTE (COD_SEDE_CARRERA,COD_CARRERA,COD_SEDE_IMPARTE,COD_MENCION,SED_COD_SEDE) values ('1','100','2','0','2');Insert into CARRERA_IMPARTE (COD_SEDE_CARRERA,COD_CARRERA,COD_SEDE_IMPARTE,COD_MENCION,SED_COD_SEDE) values ('1','110','2','0','2');Insert into CARRERA_IMPARTE (COD_SEDE_CARRERA,COD_CARRERA,COD_SEDE_IMPARTE,COD_MENCION,SED_COD_SEDE) values ('1','120','2','0','2');Insert into CARRERA_IMPARTE (COD_SEDE_CARRERA,COD_CARRERA,COD_SEDE_IMPARTE,COD_MENCION,SED_COD_SEDE) values ('1','130','2','0','2');Insert into CARRERA_IMPARTE (COD_SEDE_CARRERA,COD_CARRERA,COD_SEDE_IMPARTE,COD_MENCION,SED_COD_SEDE) values ('1','140','2','0','2');Insert into CARRERA_IMPARTE (COD_SEDE_CARRERA,COD_CARRERA,COD_SEDE_IMPARTE,COD_MENCION,SED_COD_SEDE) values ('1','150','2','0','2');Insert into CARRERA_IMPARTE (COD_SEDE_CARRERA,COD_CARRERA,COD_SEDE_IMPARTE,COD_MENCION,SED_COD_SEDE) values ('1','160','2','0','2');Insert into CARRERA_IMPARTE (COD_SEDE_CARRERA,COD_CARRERA,COD_SEDE_IMPARTE,COD_MENCION,SED_COD_SEDE) values ('1','170','2','0','2');Insert into CARRERA_IMPARTE (COD_SEDE_CARRERA,COD_CARRERA,COD_SEDE_IMPARTE,COD_MENCION,SED_COD_SEDE) values ('1','180','2','0','7');Insert into CARRERA_IMPARTE (COD_SEDE_CARRERA,COD_CARRERA,COD_SEDE_IMPARTE,COD_MENCION,SED_COD_SEDE) values ('3','0','3','0','3');Insert into CARRERA_IMPARTE (COD_SEDE_CARRERA,COD_CARRERA,COD_SEDE_IMPARTE,COD_MENCION,SED_COD_SEDE) values ('3','1','3','0','3');Insert into CARRERA_IMPARTE (COD_SEDE_CARRERA,COD_CARRERA,COD_SEDE_IMPARTE,COD_MENCION,SED_COD_SEDE) values ('3','3','3','0','3');Insert into CARRERA_IMPARTE (COD_SEDE_CARRERA,COD_CARRERA,COD_SEDE_IMPARTE,COD_MENCION,SED_COD_SEDE) values ('3','6','3','0','3');Insert into CARRERA_IMPARTE (COD_SEDE_CARRERA,COD_CARRERA,COD_SEDE_IMPARTE,COD_MENCION,SED_COD_SEDE) values ('3','11','3','0','3');Insert into CARRERA_IMPARTE (COD_SEDE_CARRERA,COD_CARRERA,COD_SEDE_IMPARTE,COD_MENCION,SED_COD_SEDE) values ('3','22','3','0','3');Insert into CARRERA_IMPARTE (COD_SEDE_CARRERA,COD_CARRERA,COD_SEDE_IMPARTE,COD_MENCION,SED_COD_SEDE) values ('3','31','3','0','3');Insert into CARRERA_IMPARTE (COD_SEDE_CARRERA,COD_CARRERA,COD_SEDE_IMPARTE,COD_MENCION,SED_COD_SEDE) values ('3','41','3','0','3');Insert into CARRERA_IMPARTE (COD_SEDE_CARRERA,COD_CARRERA,COD_SEDE_IMPARTE,COD_MENCION,SED_COD_SEDE) values ('3','42','3','0','3');Insert into CARRERA_IMPARTE (COD_SEDE_CARRERA,COD_CARRERA,COD_SEDE_IMPARTE,COD_MENCION,SED_COD_SEDE) values ('3','47','3','0','3');Insert into CARRERA_IMPARTE (COD_SEDE_CARRERA,COD_CARRERA,COD_SEDE_IMPARTE,COD_MENCION,SED_COD_SEDE) values ('3','48','3','0','3');Insert into CARRERA_IMPARTE (COD_SEDE_CARRERA,COD_CARRERA,COD_SEDE_IMPARTE,COD_MENCION,SED_COD_SEDE) values ('3','49','3','0','3');Insert into CARRERA_IMPARTE (COD_SEDE_CARRERA,COD_CARRERA,COD_SEDE_IMPARTE,COD_MENCION,SED_COD_SEDE) values ('3','63','3','0','3');Insert into CARRERA_IMPARTE (COD_SEDE_CARRERA,COD_CARRERA,COD_SEDE_IMPARTE,COD_MENCION,SED_COD_SEDE) values ('3','65','3','0','3');Insert into CARRERA_IMPARTE (COD_SEDE_CARRERA,COD_CARRERA,COD_SEDE_IMPARTE,COD_MENCION,SED_COD_SEDE) values ('3','66','3','0','3');Insert into CARRERA_IMPARTE (COD_SEDE_CARRERA,COD_CARRERA,COD_SEDE_IMPARTE,COD_MENCION,SED_COD_SEDE) values ('3','73','3','0','3');Insert into CARRERA_IMPARTE (COD_SEDE_CARRERA,COD_CARRERA,COD_SEDE_IMPARTE,COD_MENCION,SED_COD_SEDE) values ('3','83','3','0','3');Insert into CARRERA_IMPARTE (COD_SEDE_CARRERA,COD_CARRERA,COD_SEDE_IMPARTE,COD_MENCION,SED_COD_SEDE) values ('1','90','3','0','3');Insert into CARRERA_IMPARTE (COD_SEDE_CARRERA,COD_CARRERA,COD_SEDE_IMPARTE,COD_MENCION,SED_COD_SEDE) values ('3','92','3','0','3');Insert into CARRERA_IMPARTE (COD_SEDE_CARRERA,COD_CARRERA,COD_SEDE_IMPARTE,COD_MENCION,SED_COD_SEDE) values ('3','95','3','0','3');Insert into CARRERA_IMPARTE (COD_SEDE_CARRERA,COD_CARRERA,COD_SEDE_IMPARTE,COD_MENCION,SED_COD_SEDE) values ('4','0','4','0','4');Insert into CARRERA_IMPARTE (COD_SEDE_CARRERA,COD_CARRERA,COD_SEDE_IMPARTE,COD_MENCION,SED_COD_SEDE) values ('4','0','4','1','4');Insert into CARRERA_IMPARTE (COD_SEDE_CARRERA,COD_CARRERA,COD_SEDE_IMPARTE,COD_MENCION,SED_COD_SEDE) values ('4','1','4','0','14');Insert into CARRERA_IMPARTE (COD_SEDE_CARRERA,COD_CARRERA,COD_SEDE_IMPARTE,COD_MENCION,SED_COD_SEDE) values ('4','2','4','0','10');Insert into CARRERA_IMPARTE (COD_SEDE_CARRERA,COD_CARRERA,COD_SEDE_IMPARTE,COD_MENCION,SED_COD_SEDE) values ('4','3','4','0','12');Insert into CARRERA_IMPARTE (COD_SEDE_CARRERA,COD_CARRERA,COD_SEDE_IMPARTE,COD_MENCION,SED_COD_SEDE) values ('4','4','4','0','8');Insert into CARRERA_IMPARTE (COD_SEDE_CARRERA,COD_CARRERA,COD_SEDE_IMPARTE,COD_MENCION,SED_COD_SEDE) values ('4','5','4','0','9');Insert into CARRERA_IMPARTE (COD_SEDE_CARRERA,COD_CARRERA,COD_SEDE_IMPARTE,COD_MENCION,SED_COD_SEDE) values ('4','6','4','0','4');Insert into CARRERA_IMPARTE (COD_SEDE_CARRERA,COD_CARRERA,COD_SEDE_IMPARTE,COD_MENCION,SED_COD_SEDE) values ('4','7','4','0','10');Insert into CARRERA_IMPARTE (COD_SEDE_CARRERA,COD_CARRERA,COD_SEDE_IMPARTE,COD_MENCION,SED_COD_SEDE) values ('4','8','4','0','13');Insert into CARRERA_IMPARTE (COD_SEDE_CARRERA,COD_CARRERA,COD_SEDE_IMPARTE,COD_MENCION,SED_COD_SEDE) values ('4','9','4','0','11');Insert into CARRERA_IMPARTE (COD_SEDE_CARRERA,COD_CARRERA,COD_SEDE_IMPARTE,COD_MENCION,SED_COD_SEDE) values ('4','10','4','0','4');Insert into CARRERA_IMPARTE (COD_SEDE_CARRERA,COD_CARRERA,COD_SEDE_IMPARTE,COD_MENCION,SED_COD_SEDE) values ('4','11','4','0','4');Insert into CARRERA_IMPARTE (COD_SEDE_CARRERA,COD_CARRERA,COD_SEDE_IMPARTE,COD_MENCION,SED_COD_SEDE) values ('4','12','4','0','4');Insert into CARRERA_IMPARTE (COD_SEDE_CARRERA,COD_CARRERA,COD_SEDE_IMPARTE,COD_MENCION,SED_COD_SEDE) values ('4','13','4','0','4');Insert into CARRERA_IMPARTE (COD_SEDE_CARRERA,COD_CARRERA,COD_SEDE_IMPARTE,COD_MENCION,SED_COD_SEDE) values ('4','14','4','0','4');Insert into CARRERA_IMPARTE (COD_SEDE_CARRERA,COD_CARRERA,COD_SEDE_IMPARTE,COD_MENCION,SED_COD_SEDE) values ('4','15','4','0','4');Insert into CARRERA_IMPARTE (COD_SEDE_CARRERA,COD_CARRERA,COD_SEDE_IMPARTE,COD_MENCION,SED_COD_SEDE) values ('4','16','4','0','4');Insert into CARRERA_IMPARTE (COD_SEDE_CARRERA,COD_CARRERA,COD_SEDE_IMPARTE,COD_MENCION,SED_COD_SEDE) values ('4','17','4','0','4');Insert into CARRERA_IMPARTE (COD_SEDE_CARRERA,COD_CARRERA,COD_SEDE_IMPARTE,COD_MENCION,SED_COD_SEDE) values ('4','18','4','0','4');Insert into CARRERA_IMPARTE (COD_SEDE_CARRERA,COD_CARRERA,COD_SEDE_IMPARTE,COD_MENCION,SED_COD_SEDE) values ('4','19','4','0','4');Insert into CARRERA_IMPARTE (COD_SEDE_CARRERA,COD_CARRERA,COD_SEDE_IMPARTE,COD_MENCION,SED_COD_SEDE) values ('4','20','4','0','4');Insert into CARRERA_IMPARTE (COD_SEDE_CARRERA,COD_CARRERA,COD_SEDE_IMPARTE,COD_MENCION,SED_COD_SEDE) values ('4','21','4','0','4');Insert into CARRERA_IMPARTE (COD_SEDE_CARRERA,COD_CARRERA,COD_SEDE_IMPARTE,COD_MENCION,SED_COD_SEDE) values ('4','22','4','0','4');Insert into CARRERA_IMPARTE (COD_SEDE_CARRERA,COD_CARRERA,COD_SEDE_IMPARTE,COD_MENCION,SED_COD_SEDE) values ('4','25','4','0','4');Insert into CARRERA_IMPARTE (COD_SEDE_CARRERA,COD_CARRERA,COD_SEDE_IMPARTE,COD_MENCION,SED_COD_SEDE) values ('4','30','4','0','4');Insert into CARRERA_IMPARTE (COD_SEDE_CARRERA,COD_CARRERA,COD_SEDE_IMPARTE,COD_MENCION,SED_COD_SEDE) values ('4','31','4','0','4');Insert into CARRERA_IMPARTE (COD_SEDE_CARRERA,COD_CARRERA,COD_SEDE_IMPARTE,COD_MENCION,SED_COD_SEDE) values ('4','32','4','0','4');Insert into CARRERA_IMPARTE (COD_SEDE_CARRERA,COD_CARRERA,COD_SEDE_IMPARTE,COD_MENCION,SED_COD_SEDE) values ('4','33','4','0','4');Insert into CARRERA_IMPARTE (COD_SEDE_CARRERA,COD_CARRERA,COD_SEDE_IMPARTE,COD_MENCION,SED_COD_SEDE) values ('4','34','4','0','4');Insert into CARRERA_IMPARTE (COD_SEDE_CARRERA,COD_CARRERA,COD_SEDE_IMPARTE,COD_MENCION,SED_COD_SEDE) values ('4','35','4','0','4');Insert into CARRERA_IMPARTE (COD_SEDE_CARRERA,COD_CARRERA,COD_SEDE_IMPARTE,COD_MENCION,SED_COD_SEDE) values ('4','36','4','0','4');Insert into CARRERA_IMPARTE (COD_SEDE_CARRERA,COD_CARRERA,COD_SEDE_IMPARTE,COD_MENCION,SED_COD_SEDE) values ('4','37','4','0','4');Insert into CARRERA_IMPARTE (COD_SEDE_CARRERA,COD_CARRERA,COD_SEDE_IMPARTE,COD_MENCION,SED_COD_SEDE) values ('4','40','4','0','4');Insert into CARRERA_IMPARTE (COD_SEDE_CARRERA,COD_CARRERA,COD_SEDE_IMPARTE,COD_MENCION,SED_COD_SEDE) values ('4','41','4','0','4');Insert into CARRERA_IMPARTE (COD_SEDE_CARRERA,COD_CARRERA,COD_SEDE_IMPARTE,COD_MENCION,SED_COD_SEDE) values ('4','42','4','0','4');Insert into CARRERA_IMPARTE (COD_SEDE_CARRERA,COD_CARRERA,COD_SEDE_IMPARTE,COD_MENCION,SED_COD_SEDE) values ('4','43','4','0','4');Insert into CARRERA_IMPARTE (COD_SEDE_CARRERA,COD_CARRERA,COD_SEDE_IMPARTE,COD_MENCION,SED_COD_SEDE) values ('4','44','4','0','4');Insert into CARRERA_IMPARTE (COD_SEDE_CARRERA,COD_CARRERA,COD_SEDE_IMPARTE,COD_MENCION,SED_COD_SEDE) values ('4','45','4','0','4');Insert into CARRERA_IMPARTE (COD_SEDE_CARRERA,COD_CARRERA,COD_SEDE_IMPARTE,COD_MENCION,SED_COD_SEDE) values ('4','50','4','0','4');Insert into CARRERA_IMPARTE (COD_SEDE_CARRERA,COD_CARRERA,COD_SEDE_IMPARTE,COD_MENCION,SED_COD_SEDE) values ('4','51','4','0','4');Insert into CARRERA_IMPARTE (COD_SEDE_CARRERA,COD_CARRERA,COD_SEDE_IMPARTE,COD_MENCION,SED_COD_SEDE) values ('4','52','4','0','4');Insert into CARRERA_IMPARTE (COD_SEDE_CARRERA,COD_CARRERA,COD_SEDE_IMPARTE,COD_MENCION,SED_COD_SEDE) values ('4','53','4','0','4');Insert into CARRERA_IMPARTE (COD_SEDE_CARRERA,COD_CARRERA,COD_SEDE_IMPARTE,COD_MENCION,SED_COD_SEDE) values ('4','53','4','1','4');Insert into CARRERA_IMPARTE (COD_SEDE_CARRERA,COD_CARRERA,COD_SEDE_IMPARTE,COD_MENCION,SED_COD_SEDE) values ('4','60','4','0','4');Insert into CARRERA_IMPARTE (COD_SEDE_CARRERA,COD_CARRERA,COD_SEDE_IMPARTE,COD_MENCION,SED_COD_SEDE) values ('4','61','4','0','4');Insert into CARRERA_IMPARTE (COD_SEDE_CARRERA,COD_CARRERA,COD_SEDE_IMPARTE,COD_MENCION,SED_COD_SEDE) values ('4','62','4','0','4');Insert into CARRERA_IMPARTE (COD_SEDE_CARRERA,COD_CARRERA,COD_SEDE_IMPARTE,COD_MENCION,SED_COD_SEDE) values ('4','63','4','0','4');Insert into CARRERA_IMPARTE (COD_SEDE_CARRERA,COD_CARRERA,COD_SEDE_IMPARTE,COD_MENCION,SED_COD_SEDE) values ('4','64','4','0','4');Insert into CARRERA_IMPARTE (COD_SEDE_CARRERA,COD_CARRERA,COD_SEDE_IMPARTE,COD_MENCION,SED_COD_SEDE) values ('4','65','4','0','4');Insert into CARRERA_IMPARTE (COD_SEDE_CARRERA,COD_CARRERA,COD_SEDE_IMPARTE,COD_MENCION,SED_COD_SEDE) values ('4','66','4','0','4');Insert into CARRERA_IMPARTE (COD_SEDE_CARRERA,COD_CARRERA,COD_SEDE_IMPARTE,COD_MENCION,SED_COD_SEDE) values ('4','67','4','0','4');Insert into CARRERA_IMPARTE (COD_SEDE_CARRERA,COD_CARRERA,COD_SEDE_IMPARTE,COD_MENCION,SED_COD_SEDE) values ('4','68','4','0','4');Insert into CARRERA_IMPARTE (COD_SEDE_CARRERA,COD_CARRERA,COD_SEDE_IMPARTE,COD_MENCION,SED_COD_SEDE) values ('4','69','4','0','4');Insert into CARRERA_IMPARTE (COD_SEDE_CARRERA,COD_CARRERA,COD_SEDE_IMPARTE,COD_MENCION,SED_COD_SEDE) values ('4','70','4','0','4');Insert into CARRERA_IMPARTE (COD_SEDE_CARRERA,COD_CARRERA,COD_SEDE_IMPARTE,COD_MENCION,SED_COD_SEDE) values ('4','71','4','0','4');Insert into CARRERA_IMPARTE (COD_SEDE_CARRERA,COD_CARRERA,COD_SEDE_IMPARTE,COD_MENCION,SED_COD_SEDE) values ('4','72','4','0','4');Insert into CARRERA_IMPARTE (COD_SEDE_CARRERA,COD_CARRERA,COD_SEDE_IMPARTE,COD_MENCION,SED_COD_SEDE) values ('4','73','4','0','4');Insert into CARRERA_IMPARTE (COD_SEDE_CARRERA,COD_CARRERA,COD_SEDE_IMPARTE,COD_MENCION,SED_COD_SEDE) values ('4','74','4','0','4');Insert into CARRERA_IMPARTE (COD_SEDE_CARRERA,COD_CARRERA,COD_SEDE_IMPARTE,COD_MENCION,SED_COD_SEDE) values ('4','75','4','0','4');Insert into CARRERA_IMPARTE (COD_SEDE_CARRERA,COD_CARRERA,COD_SEDE_IMPARTE,COD_MENCION,SED_COD_SEDE) values ('4','76','4','0','4');Insert into CARRERA_IMPARTE (COD_SEDE_CARRERA,COD_CARRERA,COD_SEDE_IMPARTE,COD_MENCION,SED_COD_SEDE) values ('4','77','4','0','4');Insert into CARRERA_IMPARTE (COD_SEDE_CARRERA,COD_CARRERA,COD_SEDE_IMPARTE,COD_MENCION,SED_COD_SEDE) values ('4','78','4','0','8');Insert into CARRERA_IMPARTE (COD_SEDE_CARRERA,COD_CARRERA,COD_SEDE_IMPARTE,COD_MENCION,SED_COD_SEDE) values ('4','79','4','0','4');Insert into CARRERA_IMPARTE (COD_SEDE_CARRERA,COD_CARRERA,COD_SEDE_IMPARTE,COD_MENCION,SED_COD_SEDE) values ('4','80','4','0','4');Insert into CARRERA_IMPARTE (COD_SEDE_CARRERA,COD_CARRERA,COD_SEDE_IMPARTE,COD_MENCION,SED_COD_SEDE) values ('4','81','4','0','10');Insert into CARRERA_IMPARTE (COD_SEDE_CARRERA,COD_CARRERA,COD_SEDE_IMPARTE,COD_MENCION,SED_COD_SEDE) values ('4','82','4','0','4');Insert into CARRERA_IMPARTE (COD_SEDE_CARRERA,COD_CARRERA,COD_SEDE_IMPARTE,COD_MENCION,SED_COD_SEDE) values ('4','83','4','0','4');Insert into CARRERA_IMPARTE (COD_SEDE_CARRERA,COD_CARRERA,COD_SEDE_IMPARTE,COD_MENCION,SED_COD_SEDE) values ('4','84','4','0','4');Insert into CARRERA_IMPARTE (COD_SEDE_CARRERA,COD_CARRERA,COD_SEDE_IMPARTE,COD_MENCION,SED_COD_SEDE) values ('4','85','4','0','4');Insert into CARRERA_IMPARTE (COD_SEDE_CARRERA,COD_CARRERA,COD_SEDE_IMPARTE,COD_MENCION,SED_COD_SEDE) values ('4','86','4','0','4');Insert into CARRERA_IMPARTE (COD_SEDE_CARRERA,COD_CARRERA,COD_SEDE_IMPARTE,COD_MENCION,SED_COD_SEDE) values ('4','87','4','0','5');Insert into CARRERA_IMPARTE (COD_SEDE_CARRERA,COD_CARRERA,COD_SEDE_IMPARTE,COD_MENCION,SED_COD_SEDE) values ('4','88','4','0','4');Insert into CARRERA_IMPARTE (COD_SEDE_CARRERA,COD_CARRERA,COD_SEDE_IMPARTE,COD_MENCION,SED_COD_SEDE) values ('4','89','4','0','5');Insert into CARRERA_IMPARTE (COD_SEDE_CARRERA,COD_CARRERA,COD_SEDE_IMPARTE,COD_MENCION,SED_COD_SEDE) values ('4','90','4','0','4');Insert into CARRERA_IMPARTE (COD_SEDE_CARRERA,COD_CARRERA,COD_SEDE_IMPARTE,COD_MENCION,SED_COD_SEDE) values ('4','91','4','0','4');Insert into CARRERA_IMPARTE (COD_SEDE_CARRERA,COD_CARRERA,COD_SEDE_IMPARTE,COD_MENCION,SED_COD_SEDE) values ('4','92','4','0','4');Insert into CARRERA_IMPARTE (COD_SEDE_CARRERA,COD_CARRERA,COD_SEDE_IMPARTE,COD_MENCION,SED_COD_SEDE) values ('4','93','4','0','4');Insert into CARRERA_IMPARTE (COD_SEDE_CARRERA,COD_CARRERA,COD_SEDE_IMPARTE,COD_MENCION,SED_COD_SEDE) values ('4','94','4','0','4');Insert into CARRERA_IMPARTE (COD_SEDE_CARRERA,COD_CARRERA,COD_SEDE_IMPARTE,COD_MENCION,SED_COD_SEDE) values ('4','95','4','0','4');Insert into CARRERA_IMPARTE (COD_SEDE_CARRERA,COD_CARRERA,COD_SEDE_IMPARTE,COD_MENCION,SED_COD_SEDE) values ('4','96','4','0','4');Insert into CARRERA_IMPARTE (COD_SEDE_CARRERA,COD_CARRERA,COD_SEDE_IMPARTE,COD_MENCION,SED_COD_SEDE) values ('4','97','4','0','4');Insert into CARRERA_IMPARTE (COD_SEDE_CARRERA,COD_CARRERA,COD_SEDE_IMPARTE,COD_MENCION,SED_COD_SEDE) values ('4','98','4','0','4');Insert into CARRERA_IMPARTE (COD_SEDE_CARRERA,COD_CARRERA,COD_SEDE_IMPARTE,COD_MENCION,SED_COD_SEDE) values ('4','99','4','0','4');Insert into CARRERA_IMPARTE (COD_SEDE_CARRERA,COD_CARRERA,COD_SEDE_IMPARTE,COD_MENCION,SED_COD_SEDE) values ('1','150','4','0','4');Insert into CARRERA_IMPARTE (COD_SEDE_CARRERA,COD_CARRERA,COD_SEDE_IMPARTE,COD_MENCION,SED_COD_SEDE) values ('5','1','5','0','5');Insert into CARRERA_IMPARTE (COD_SEDE_CARRERA,COD_CARRERA,COD_SEDE_IMPARTE,COD_MENCION,SED_COD_SEDE) values ('5','5','5','0','5');Insert into CARRERA_IMPARTE (COD_SEDE_CARRERA,COD_CARRERA,COD_SEDE_IMPARTE,COD_MENCION,SED_COD_SEDE) values ('5','6','5','0','5');Insert into CARRERA_IMPARTE (COD_SEDE_CARRERA,COD_CARRERA,COD_SEDE_IMPARTE,COD_MENCION,SED_COD_SEDE) values ('5','8','5','0','5');Insert into CARRERA_IMPARTE (COD_SEDE_CARRERA,COD_CARRERA,COD_SEDE_IMPARTE,COD_MENCION,SED_COD_SEDE) values ('5','66','5','0','5');Insert into CARRERA_IMPARTE (COD_SEDE_CARRERA,COD_CARRERA,COD_SEDE_IMPARTE,COD_MENCION,SED_COD_SEDE) values ('3','99','3','1','3');Insert into CARRERA_IMPARTE (COD_SEDE_CARRERA,COD_CARRERA,COD_SEDE_IMPARTE,COD_MENCION,SED_COD_SEDE) values ('3','99','15','1','15');Insert into CARRERA_IMPARTE (COD_SEDE_CARRERA,COD_CARRERA,COD_SEDE_IMPARTE,COD_MENCION,SED_COD_SEDE) values ('3','99','15','2','15');Insert into CARRERA_IMPARTE (COD_SEDE_CARRERA,COD_CARRERA,COD_SEDE_IMPARTE,COD_MENCION,SED_COD_SEDE) values ('3','99','3','3','3');Insert into CARRERA_IMPARTE (COD_SEDE_CARRERA,COD_CARRERA,COD_SEDE_IMPARTE,COD_MENCION,SED_COD_SEDE) values ('3','99','15','3','15');Insert into CARRERA_IMPARTE (COD_SEDE_CARRERA,COD_CARRERA,COD_SEDE_IMPARTE,COD_MENCION,SED_COD_SEDE) values ('3','99','15','4','15');Insert into CARRERA_IMPARTE (COD_SEDE_CARRERA,COD_CARRERA,COD_SEDE_IMPARTE,COD_MENCION,SED_COD_SEDE) values ('3','99','3','4','3');Insert into CARRERA_IMPARTE (COD_SEDE_CARRERA,COD_CARRERA,COD_SEDE_IMPARTE,COD_MENCION,SED_COD_SEDE) values ('3','21','3','0','3');Insert into CARRERA_IMPARTE (COD_SEDE_CARRERA,COD_CARRERA,COD_SEDE_IMPARTE,COD_MENCION,SED_COD_SEDE) values ('3','32','3','0','3');Insert into CARRERA_IMPARTE (COD_SEDE_CARRERA,COD_CARRERA,COD_SEDE_IMPARTE,COD_MENCION,SED_COD_SEDE) values ('3','43','3','0','3');Insert into CARRERA_IMPARTE (COD_SEDE_CARRERA,COD_CARRERA,COD_SEDE_IMPARTE,COD_MENCION,SED_COD_SEDE) values ('3','44','3','0','3');Insert into CARRERA_IMPARTE (COD_SEDE_CARRERA,COD_CARRERA,COD_SEDE_IMPARTE,COD_MENCION,SED_COD_SEDE) values ('3','51','3','0','3');Insert into CARRERA_IMPARTE (COD_SEDE_CARRERA,COD_CARRERA,COD_SEDE_IMPARTE,COD_MENCION,SED_COD_SEDE) values ('3','61','3','0','3');Insert into CARRERA_IMPARTE (COD_SEDE_CARRERA,COD_CARRERA,COD_SEDE_IMPARTE,COD_MENCION,SED_COD_SEDE) values ('3','62','3','0','3');Insert into CARRERA_IMPARTE (COD_SEDE_CARRERA,COD_CARRERA,COD_SEDE_IMPARTE,COD_MENCION,SED_COD_SEDE) values ('3','64','3','0','3');Insert into CARRERA_IMPARTE (COD_SEDE_CARRERA,COD_CARRERA,COD_SEDE_IMPARTE,COD_MENCION,SED_COD_SEDE) values ('3','67','3','0','3');Insert into CARRERA_IMPARTE (COD_SEDE_CARRERA,COD_CARRERA,COD_SEDE_IMPARTE,COD_MENCION,SED_COD_SEDE) values ('3','71','3','0','3');Insert into CARRERA_IMPARTE (COD_SEDE_CARRERA,COD_CARRERA,COD_SEDE_IMPARTE,COD_MENCION,SED_COD_SEDE) values ('3','72','3','0','3');Insert into CARRERA_IMPARTE (COD_SEDE_CARRERA,COD_CARRERA,COD_SEDE_IMPARTE,COD_MENCION,SED_COD_SEDE) values ('3','75','3','0','3');Insert into CARRERA_IMPARTE (COD_SEDE_CARRERA,COD_CARRERA,COD_SEDE_IMPARTE,COD_MENCION,SED_COD_SEDE) values ('3','81','3','0','3');Insert into CARRERA_IMPARTE (COD_SEDE_CARRERA,COD_CARRERA,COD_SEDE_IMPARTE,COD_MENCION,SED_COD_SEDE) values ('3','82','3','0','3');Insert into CARRERA_IMPARTE (COD_SEDE_CARRERA,COD_CARRERA,COD_SEDE_IMPARTE,COD_MENCION,SED_COD_SEDE) values ('3','84','3','0','3');Insert into CARRERA_IMPARTE (COD_SEDE_CARRERA,COD_CARRERA,COD_SEDE_IMPARTE,COD_MENCION,SED_COD_SEDE) values ('3','91','3','0','3');Insert into CARRERA_IMPARTE (COD_SEDE_CARRERA,COD_CARRERA,COD_SEDE_IMPARTE,COD_MENCION,SED_COD_SEDE) values ('3','1','15','0','15');Insert into CARRERA_IMPARTE (COD_SEDE_CARRERA,COD_CARRERA,COD_SEDE_IMPARTE,COD_MENCION,SED_COD_SEDE) values ('3','2','3','0','3');Insert into CARRERA_IMPARTE (COD_SEDE_CARRERA,COD_CARRERA,COD_SEDE_IMPARTE,COD_MENCION,SED_COD_SEDE) values ('3','2','15','0','15');Insert into CARRERA_IMPARTE (COD_SEDE_CARRERA,COD_CARRERA,COD_SEDE_IMPARTE,COD_MENCION,SED_COD_SEDE) values ('3','3','15','0','15');Insert into CARRERA_IMPARTE (COD_SEDE_CARRERA,COD_CARRERA,COD_SEDE_IMPARTE,COD_MENCION,SED_COD_SEDE) values ('3','4','3','0','3');Insert into CARRERA_IMPARTE (COD_SEDE_CARRERA,COD_CARRERA,COD_SEDE_IMPARTE,COD_MENCION,SED_COD_SEDE) values ('3','4','15','0','15');Insert into CARRERA_IMPARTE (COD_SEDE_CARRERA,COD_CARRERA,COD_SEDE_IMPARTE,COD_MENCION,SED_COD_SEDE) values ('3','5','3','0','3');Insert into CARRERA_IMPARTE (COD_SEDE_CARRERA,COD_CARRERA,COD_SEDE_IMPARTE,COD_MENCION,SED_COD_SEDE) values ('3','5','15','0','15');Insert into CARRERA_IMPARTE (COD_SEDE_CARRERA,COD_CARRERA,COD_SEDE_IMPARTE,COD_MENCION,SED_COD_SEDE) values ('3','6','15','0','15');Insert into CARRERA_IMPARTE (COD_SEDE_CARRERA,COD_CARRERA,COD_SEDE_IMPARTE,COD_MENCION,SED_COD_SEDE) values ('3','7','3','0','3');Insert into CARRERA_IMPARTE (COD_SEDE_CARRERA,COD_CARRERA,COD_SEDE_IMPARTE,COD_MENCION,SED_COD_SEDE) values ('3','7','15','0','15');Insert into CARRERA_IMPARTE (COD_SEDE_CARRERA,COD_CARRERA,COD_SEDE_IMPARTE,COD_MENCION,SED_COD_SEDE) values ('3','8','3','0','3');Insert into CARRERA_IMPARTE (COD_SEDE_CARRERA,COD_CARRERA,COD_SEDE_IMPARTE,COD_MENCION,SED_COD_SEDE) values ('3','8','15','0','15');Insert into CARRERA_IMPARTE (COD_SEDE_CARRERA,COD_CARRERA,COD_SEDE_IMPARTE,COD_MENCION,SED_COD_SEDE) values ('3','9','3','0','3');Insert into CARRERA_IMPARTE (COD_SEDE_CARRERA,COD_CARRERA,COD_SEDE_IMPARTE,COD_MENCION,SED_COD_SEDE) values ('3','9','15','0','15');Insert into CARRERA_IMPARTE (COD_SEDE_CARRERA,COD_CARRERA,COD_SEDE_IMPARTE,COD_MENCION,SED_COD_SEDE) values ('3','10','3','0','3');Insert into CARRERA_IMPARTE (COD_SEDE_CARRERA,COD_CARRERA,COD_SEDE_IMPARTE,COD_MENCION,SED_COD_SEDE) values ('3','10','15','0','15');Insert into CARRERA_IMPARTE (COD_SEDE_CARRERA,COD_CARRERA,COD_SEDE_IMPARTE,COD_MENCION,SED_COD_SEDE) values ('3','12','3','0','3');Insert into CARRERA_IMPARTE (COD_SEDE_CARRERA,COD_CARRERA,COD_SEDE_IMPARTE,COD_MENCION,SED_COD_SEDE) values ('3','12','15','0','15');Insert into CARRERA_IMPARTE (COD_SEDE_CARRERA,COD_CARRERA,COD_SEDE_IMPARTE,COD_MENCION,SED_COD_SEDE) values ('4','23','4','0','4');Insert into CARRERA_IMPARTE (COD_SEDE_CARRERA,COD_CARRERA,COD_SEDE_IMPARTE,COD_MENCION,SED_COD_SEDE) values ('4','59','4','0','4');Insert into CARRERA_IMPARTE (COD_SEDE_CARRERA,COD_CARRERA,COD_SEDE_IMPARTE,COD_MENCION,SED_COD_SEDE) values ('3','33','3','0','3');Insert into CARRERA_IMPARTE (COD_SEDE_CARRERA,COD_CARRERA,COD_SEDE_IMPARTE,COD_MENCION,SED_COD_SEDE) values ('3','45','3','0','3');Insert into CARRERA_IMPARTE (COD_SEDE_CARRERA,COD_CARRERA,COD_SEDE_IMPARTE,COD_MENCION,SED_COD_SEDE) values ('3','85','3','0','3');Insert into CARRERA_IMPARTE (COD_SEDE_CARRERA,COD_CARRERA,COD_SEDE_IMPARTE,COD_MENCION,SED_COD_SEDE) values ('4','46','4','0','4');Insert into CARRERA_IMPARTE (COD_SEDE_CARRERA,COD_CARRERA,COD_SEDE_IMPARTE,COD_MENCION,SED_COD_SEDE) values ('4','26','4','0','4');Insert into CARRERA_IMPARTE (COD_SEDE_CARRERA,COD_CARRERA,COD_SEDE_IMPARTE,COD_MENCION,SED_COD_SEDE) values ('4','38','4','0','4');Insert into CARRERA_IMPARTE (COD_SEDE_CARRERA,COD_CARRERA,COD_SEDE_IMPARTE,COD_MENCION,SED_COD_SEDE) values ('4','28','4','0','4');Insert into CARRERA_IMPARTE (COD_SEDE_CARRERA,COD_CARRERA,COD_SEDE_IMPARTE,COD_MENCION,SED_COD_SEDE) values ('1','111','2','0','2');Insert into CARRERA_IMPARTE (COD_SEDE_CARRERA,COD_CARRERA,COD_SEDE_IMPARTE,COD_MENCION,SED_COD_SEDE) values ('3','46','3','0','4');Insert into CARRERA_IMPARTE (COD_SEDE_CARRERA,COD_CARRERA,COD_SEDE_IMPARTE,COD_MENCION,SED_COD_SEDE) values ('1','100','4','0','4');--Insert into CARRERA_IMPARTE (COD_SEDE_CARRERA,COD_CARRERA,COD_SEDE_IMPARTE,COD_MENCION,SED_COD_SEDE) values ('1','0','3','0','3');Insert into CARRERA_IMPARTE (COD_SEDE_CARRERA,COD_CARRERA,COD_SEDE_IMPARTE,COD_MENCION,SED_COD_SEDE) values ('3','2','3','2','3');Insert into CARRERA_IMPARTE (COD_SEDE_CARRERA,COD_CARRERA,COD_SEDE_IMPARTE,COD_MENCION,SED_COD_SEDE) values ('3','99','3','2','3');Insert into CARRERA_IMPARTE (COD_SEDE_CARRERA,COD_CARRERA,COD_SEDE_IMPARTE,COD_MENCION,SED_COD_SEDE) values ('3','1','3','2','3');Insert into CARRERA_IMPARTE (COD_SEDE_CARRERA,COD_CARRERA,COD_SEDE_IMPARTE,COD_MENCION,SED_COD_SEDE) values ('3','3','3','2','3');Insert into CARRERA_IMPARTE (COD_SEDE_CARRERA,COD_CARRERA,COD_SEDE_IMPARTE,COD_MENCION,SED_COD_SEDE) values ('3','21','3','1','3');Insert into CARRERA_IMPARTE (COD_SEDE_CARRERA,COD_CARRERA,COD_SEDE_IMPARTE,COD_MENCION,SED_COD_SEDE) values ('3','21','3','2','3');Insert into CARRERA_IMPARTE (COD_SEDE_CARRERA,COD_CARRERA,COD_SEDE_IMPARTE,COD_MENCION,SED_COD_SEDE) values ('3','63','3','1','3');Insert into CARRERA_IMPARTE (COD_SEDE_CARRERA,COD_CARRERA,COD_SEDE_IMPARTE,COD_MENCION,SED_COD_SEDE) values ('3','63','3','2','3');Insert into CARRERA_IMPARTE (COD_SEDE_CARRERA,COD_CARRERA,COD_SEDE_IMPARTE,COD_MENCION,SED_COD_SEDE) values ('3','5','3','2','3');Insert into CARRERA_IMPARTE (COD_SEDE_CARRERA,COD_CARRERA,COD_SEDE_IMPARTE,COD_MENCION,SED_COD_SEDE) values ('3','6','3','2','3');Insert into CARRERA_IMPARTE (COD_SEDE_CARRERA,COD_CARRERA,COD_SEDE_IMPARTE,COD_MENCION,SED_COD_SEDE) values ('1','10','2','0','7');Insert into CARRERA_IMPARTE (COD_SEDE_CARRERA,COD_CARRERA,COD_SEDE_IMPARTE,COD_MENCION,SED_COD_SEDE) values ('3','7','3','2','3');Insert into CARRERA_IMPARTE (COD_SEDE_CARRERA,COD_CARRERA,COD_SEDE_IMPARTE,COD_MENCION,SED_COD_SEDE) values ('3','8','3','2','3');Insert into CARRERA_IMPARTE (COD_SEDE_CARRERA,COD_CARRERA,COD_SEDE_IMPARTE,COD_MENCION,SED_COD_SEDE) values ('3','9','3','2','3');Insert into CARRERA_IMPARTE (COD_SEDE_CARRERA,COD_CARRERA,COD_SEDE_IMPARTE,COD_MENCION,SED_COD_SEDE) values ('3','10','3','2','3');Insert into CARRERA_IMPARTE (COD_SEDE_CARRERA,COD_CARRERA,COD_SEDE_IMPARTE,COD_MENCION,SED_COD_SEDE) values ('3','12','3','2','3');Insert into CARRERA_IMPARTE (COD_SEDE_CARRERA,COD_CARRERA,COD_SEDE_IMPARTE,COD_MENCION,SED_COD_SEDE) values ('3','1','15','2','15');Insert into CARRERA_IMPARTE (COD_SEDE_CARRERA,COD_CARRERA,COD_SEDE_IMPARTE,COD_MENCION,SED_COD_SEDE) values ('3','2','15','2','15');Insert into CARRERA_IMPARTE (COD_SEDE_CARRERA,COD_CARRERA,COD_SEDE_IMPARTE,COD_MENCION,SED_COD_SEDE) values ('3','3','15','2','15');Insert into CARRERA_IMPARTE (COD_SEDE_CARRERA,COD_CARRERA,COD_SEDE_IMPARTE,COD_MENCION,SED_COD_SEDE) values ('3','5','15','2','15');Insert into CARRERA_IMPARTE (COD_SEDE_CARRERA,COD_CARRERA,COD_SEDE_IMPARTE,COD_MENCION,SED_COD_SEDE) values ('3','6','15','2','15');Insert into CARRERA_IMPARTE (COD_SEDE_CARRERA,COD_CARRERA,COD_SEDE_IMPARTE,COD_MENCION,SED_COD_SEDE) values ('3','7','15','2','15');Insert into CARRERA_IMPARTE (COD_SEDE_CARRERA,COD_CARRERA,COD_SEDE_IMPARTE,COD_MENCION,SED_COD_SEDE) values ('3','8','15','2','15');Insert into CARRERA_IMPARTE (COD_SEDE_CARRERA,COD_CARRERA,COD_SEDE_IMPARTE,COD_MENCION,SED_COD_SEDE) values ('3','9','15','2','15');Insert into CARRERA_IMPARTE (COD_SEDE_CARRERA,COD_CARRERA,COD_SEDE_IMPARTE,COD_MENCION,SED_COD_SEDE) values ('3','1','3','3','3');Insert into CARRERA_IMPARTE (COD_SEDE_CARRERA,COD_CARRERA,COD_SEDE_IMPARTE,COD_MENCION,SED_COD_SEDE) values ('3','2','3','3','3');Insert into CARRERA_IMPARTE (COD_SEDE_CARRERA,COD_CARRERA,COD_SEDE_IMPARTE,COD_MENCION,SED_COD_SEDE) values ('3','3','3','3','3');Insert into CARRERA_IMPARTE (COD_SEDE_CARRERA,COD_CARRERA,COD_SEDE_IMPARTE,COD_MENCION,SED_COD_SEDE) values ('3','5','3','3','3');Insert into CARRERA_IMPARTE (COD_SEDE_CARRERA,COD_CARRERA,COD_SEDE_IMPARTE,COD_MENCION,SED_COD_SEDE) values ('3','6','3','3','3');Insert into CARRERA_IMPARTE (COD_SEDE_CARRERA,COD_CARRERA,COD_SEDE_IMPARTE,COD_MENCION,SED_COD_SEDE) values ('3','7','3','3','3');Insert into CARRERA_IMPARTE (COD_SEDE_CARRERA,COD_CARRERA,COD_SEDE_IMPARTE,COD_MENCION,SED_COD_SEDE) values ('3','8','3','3','3');Insert into CARRERA_IMPARTE (COD_SEDE_CARRERA,COD_CARRERA,COD_SEDE_IMPARTE,COD_MENCION,SED_COD_SEDE) values ('3','9','3','3','3');Insert into CARRERA_IMPARTE (COD_SEDE_CARRERA,COD_CARRERA,COD_SEDE_IMPARTE,COD_MENCION,SED_COD_SEDE) values ('3','10','3','3','3');Insert into CARRERA_IMPARTE (COD_SEDE_CARRERA,COD_CARRERA,COD_SEDE_IMPARTE,COD_MENCION,SED_COD_SEDE) values ('3','12','3','3','3');Insert into CARRERA_IMPARTE (COD_SEDE_CARRERA,COD_CARRERA,COD_SEDE_IMPARTE,COD_MENCION,SED_COD_SEDE) values ('3','1','15','3','15');Insert into CARRERA_IMPARTE (COD_SEDE_CARRERA,COD_CARRERA,COD_SEDE_IMPARTE,COD_MENCION,SED_COD_SEDE) values ('3','2','15','3','15');Insert into CARRERA_IMPARTE (COD_SEDE_CARRERA,COD_CARRERA,COD_SEDE_IMPARTE,COD_MENCION,SED_COD_SEDE) values ('3','3','15','3','15');Insert into CARRERA_IMPARTE (COD_SEDE_CARRERA,COD_CARRERA,COD_SEDE_IMPARTE,COD_MENCION,SED_COD_SEDE) values ('3','5','15','3','15');Insert into CARRERA_IMPARTE (COD_SEDE_CARRERA,COD_CARRERA,COD_SEDE_IMPARTE,COD_MENCION,SED_COD_SEDE) values ('3','6','15','3','15');Insert into CARRERA_IMPARTE (COD_SEDE_CARRERA,COD_CARRERA,COD_SEDE_IMPARTE,COD_MENCION,SED_COD_SEDE) values ('3','7','15','3','15');Insert into CARRERA_IMPARTE (COD_SEDE_CARRERA,COD_CARRERA,COD_SEDE_IMPARTE,COD_MENCION,SED_COD_SEDE) values ('3','8','15','3','15');Insert into CARRERA_IMPARTE (COD_SEDE_CARRERA,COD_CARRERA,COD_SEDE_IMPARTE,COD_MENCION,SED_COD_SEDE) values ('3','9','15','3','15');Insert into CARRERA_IMPARTE (COD_SEDE_CARRERA,COD_CARRERA,COD_SEDE_IMPARTE,COD_MENCION,SED_COD_SEDE) values ('3','10','15','3','15');Insert into CARRERA_IMPARTE (COD_SEDE_CARRERA,COD_CARRERA,COD_SEDE_IMPARTE,COD_MENCION,SED_COD_SEDE) values ('3','12','15','3','15');Insert into CARRERA_IMPARTE (COD_SEDE_CARRERA,COD_CARRERA,COD_SEDE_IMPARTE,COD_MENCION,SED_COD_SEDE) values ('3','3','15','1','15');Insert into CARRERA_IMPARTE (COD_SEDE_CARRERA,COD_CARRERA,COD_SEDE_IMPARTE,COD_MENCION,SED_COD_SEDE) values ('3','12','3','1','3');Insert into CARRERA_IMPARTE (COD_SEDE_CARRERA,COD_CARRERA,COD_SEDE_IMPARTE,COD_MENCION,SED_COD_SEDE) values ('3','12','15','1','15');Insert into CARRERA_IMPARTE (COD_SEDE_CARRERA,COD_CARRERA,COD_SEDE_IMPARTE,COD_MENCION,SED_COD_SEDE) values ('3','5','15','1','15');Insert into CARRERA_IMPARTE (COD_SEDE_CARRERA,COD_CARRERA,COD_SEDE_IMPARTE,COD_MENCION,SED_COD_SEDE) values ('3','6','3','1','3');Insert into CARRERA_IMPARTE (COD_SEDE_CARRERA,COD_CARRERA,COD_SEDE_IMPARTE,COD_MENCION,SED_COD_SEDE) values ('3','9','15','1','15');Insert into CARRERA_IMPARTE (COD_SEDE_CARRERA,COD_CARRERA,COD_SEDE_IMPARTE,COD_MENCION,SED_COD_SEDE) values ('3','6','15','1','15');Insert into CARRERA_IMPARTE (COD_SEDE_CARRERA,COD_CARRERA,COD_SEDE_IMPARTE,COD_MENCION,SED_COD_SEDE) values ('3','5','3','1','3');Insert into CARRERA_IMPARTE (COD_SEDE_CARRERA,COD_CARRERA,COD_SEDE_IMPARTE,COD_MENCION,SED_COD_SEDE) values ('3','1','3','1','3');Insert into CARRERA_IMPARTE (COD_SEDE_CARRERA,COD_CARRERA,COD_SEDE_IMPARTE,COD_MENCION,SED_COD_SEDE) values ('3','7','15','1','15');Insert into CARRERA_IMPARTE (COD_SEDE_CARRERA,COD_CARRERA,COD_SEDE_IMPARTE,COD_MENCION,SED_COD_SEDE) values ('3','3','3','1','3');Insert into CARRERA_IMPARTE (COD_SEDE_CARRERA,COD_CARRERA,COD_SEDE_IMPARTE,COD_MENCION,SED_COD_SEDE) values ('3','2','3','1','3');Insert into CARRERA_IMPARTE (COD_SEDE_CARRERA,COD_CARRERA,COD_SEDE_IMPARTE,COD_MENCION,SED_COD_SEDE) values ('3','8','3','1','3');Insert into CARRERA_IMPARTE (COD_SEDE_CARRERA,COD_CARRERA,COD_SEDE_IMPARTE,COD_MENCION,SED_COD_SEDE) values ('3','2','15','1','15');Insert into CARRERA_IMPARTE (COD_SEDE_CARRERA,COD_CARRERA,COD_SEDE_IMPARTE,COD_MENCION,SED_COD_SEDE) values ('3','8','15','1','15');Insert into CARRERA_IMPARTE (COD_SEDE_CARRERA,COD_CARRERA,COD_SEDE_IMPARTE,COD_MENCION,SED_COD_SEDE) values ('3','9','3','1','3');Insert into CARRERA_IMPARTE (COD_SEDE_CARRERA,COD_CARRERA,COD_SEDE_IMPARTE,COD_MENCION,SED_COD_SEDE) values ('3','1','15','1','15');Insert into CARRERA_IMPARTE (COD_SEDE_CARRERA,COD_CARRERA,COD_SEDE_IMPARTE,COD_MENCION,SED_COD_SEDE) values ('3','10','15','1','15');Insert into CARRERA_IMPARTE (COD_SEDE_CARRERA,COD_CARRERA,COD_SEDE_IMPARTE,COD_MENCION,SED_COD_SEDE) values ('3','10','3','1','3');Insert into CARRERA_IMPARTE (COD_SEDE_CARRERA,COD_CARRERA,COD_SEDE_IMPARTE,COD_MENCION,SED_COD_SEDE) values ('3','7','3','1','3');Insert into CARRERA_IMPARTE (COD_SEDE_CARRERA,COD_CARRERA,COD_SEDE_IMPARTE,COD_MENCION,SED_COD_SEDE) values ('4','24','4','0','4');--Insert into CARRERA_IMPARTE (COD_SEDE_CARRERA,COD_CARRERA,COD_SEDE_IMPARTE,COD_MENCION,SED_COD_SEDE) values ('4','105','4','0','4');